#
# There is insufficient memory for the Java Runtime Environment to continue.
# Native memory allocation (malloc) failed to allocate 32744 bytes. Error detail: Chunk::new
# Possible reasons:
#   The system is out of physical RAM or swap space
#   This process is running with CompressedOops enabled, and the Java Heap may be blocking the growth of the native heap
# Possible solutions:
#   Reduce memory load on the system
#   Increase physical memory or swap space
#   Check if swap backing store is full
#   Decrease Java heap size (-Xmx/-Xms)
#   Decrease number of Java threads
#   Decrease Java thread stack sizes (-Xss)
#   Set larger code cache with -XX:ReservedCodeCacheSize=
#   JVM is running with Unscaled Compressed Oops mode in which the Java heap is
#     placed in the first 4GB address space. The Java Heap base address is the
#     maximum limit for the native heap growth. Please use -XX:HeapBaseMinAddress
#     to set the Java Heap base and to place the Java Heap above 4GB virtual address.
# This output file may be truncated or incomplete.
#
#  Out of Memory Error (arena.cpp:150), pid=11504, tid=4104
#
# JRE version: Java(TM) SE Runtime Environment (22.0.2+9) (build 22.0.2+9-70)
# Java VM: Java HotSpot(TM) 64-Bit Server VM (22.0.2+9-70, mixed mode, sharing, tiered, compressed oops, compressed class ptrs, g1 gc, windows-amd64)
# No core dump will be written. Minidumps are not enabled by default on client versions of Windows
#

---------------  S U M M A R Y ------------

Command Line: --add-opens=java.base/java.lang=ALL-UNNAMED --add-opens=java.base/java.lang.invoke=ALL-UNNAMED --add-opens=java.base/java.util=ALL-UNNAMED --add-opens=java.prefs/java.util.prefs=ALL-UNNAMED --add-exports=jdk.compiler/com.sun.tools.javac.api=ALL-UNNAMED --add-exports=jdk.compiler/com.sun.tools.javac.util=ALL-UNNAMED --add-opens=java.base/java.util=ALL-UNNAMED --add-opens=java.prefs/java.util.prefs=ALL-UNNAMED --add-opens=java.base/java.nio.charset=ALL-UNNAMED --add-opens=java.base/java.net=ALL-UNNAMED --add-opens=java.base/java.util.concurrent=ALL-UNNAMED --add-opens=java.base/java.util.concurrent.atomic=ALL-UNNAMED --add-opens=java.xml/javax.xml.namespace=ALL-UNNAMED --add-opens=java.base/java.time=ALL-UNNAMED -XX:MaxMetaspaceSize=384m -XX:+HeapDumpOnOutOfMemoryError -Xms256m -Xmx512m -Dfile.encoding=UTF-8 -Duser.country=AZ -Duser.language=az -Duser.variant -javaagent:C:\Users\mikoq\.gradle\wrapper\dists\gradle-9.3.0-bin\79n14ral3mx1ozqr3csh2u872\gradle-9.3.0\lib\agents\gradle-instrumentation-agent-9.3.0.jar org.gradle.launcher.daemon.bootstrap.GradleDaemon 9.3.0

Host: 12th Gen Intel(R) Core(TM) i5-1235U, 12 cores, 7G,  Windows 11 , 64 bit Build 26100 (10.0.26100.7705)
Time: Wed Feb 11 23:10:55 2026 Azerbaijan Standard Time elapsed time: 66.999982 seconds (0d 0h 1m 6s)

---------------  T H R E A D  ---------------

Current thread (0x0000021f1fa4cd00):  JavaThread "C2 CompilerThread1" daemon [_thread_in_native, id=4104, stack(0x000000dd9af00000,0x000000dd9b000000) (1024K)]


Current CompileTask:
C2:67000 19353       4       java.util.stream.ReferencePipeline::anyMatch (18 bytes)

Stack: [0x000000dd9af00000,0x000000dd9b000000]
Native frames: (J=compiled Java code, j=interpreted, Vv=VM code, C=native code)
V  [jvm.dll+0x6e26e9]  (no source info available)
V  [jvm.dll+0x875753]  (no source info available)
V  [jvm.dll+0x877b7e]  (no source info available)
V  [jvm.dll+0x878253]  (no source info available)
V  [jvm.dll+0x27fc86]  (no source info available)
V  [jvm.dll+0xc3d0f]  (no source info available)
V  [jvm.dll+0xc40fb]  (no source info available)
V  [jvm.dll+0xc3bbb]  (no source info available)
V  [jvm.dll+0x6bf18c]  (no source info available)
V  [jvm.dll+0x60d73d]  (no source info available)
V  [jvm.dll+0x60d18a]  (no source info available)
V  [jvm.dll+0x60c3d8]  (no source info available)
V  [jvm.dll+0x250c92]  (no source info available)
V  [jvm.dll+0x24937c]  (no source info available)
V  [jvm.dll+0x246da6]  (no source info available)
V  [jvm.dll+0x1c4e80]  (no source info available)
V  [jvm.dll+0x2568f3]  (no source info available)
V  [jvm.dll+0x254baa]  (no source info available)
V  [jvm.dll+0x3f57a6]  (no source info available)
V  [jvm.dll+0x81dc0b]  (no source info available)
V  [jvm.dll+0x6e0d85]  (no source info available)
C  [ucrtbase.dll+0x37b0]  (no source info available)
C  [KERNEL32.DLL+0x2e8d7]  (no source info available)
C  [ntdll.dll+0x8c40c]  (no source info available)


---------------  P R O C E S S  ---------------

Threads class SMR info:
_java_thread_list=0x0000021f1d8738a0, length=181, elements={
0x0000021f50daf1b0, 0x0000021f1915a890, 0x0000021f1915af00, 0x0000021f1915efc0,
0x0000021f19164460, 0x0000021f191699c0, 0x0000021f19178bf0, 0x0000021f19179590,
0x0000021f1917a970, 0x0000021f192abff0, 0x0000021f19465780, 0x0000021f1a715440,
0x0000021f1ad5b850, 0x0000021f1ae2e6a0, 0x0000021f1ae93240, 0x0000021f1ae7ad40,
0x0000021f1ae84080, 0x0000021f1afbe520, 0x0000021f1afbde90, 0x0000021f1afbebb0,
0x0000021f1afbd170, 0x0000021f1afbf240, 0x0000021f1afbf8d0, 0x0000021f1afbff60,
0x0000021f1b383640, 0x0000021f1b382920, 0x0000021f1b383cd0, 0x0000021f1b384360,
0x0000021f1b3849f0, 0x0000021f1b382fb0, 0x0000021f1b385080, 0x0000021f1b381c00,
0x0000021f1b388b90, 0x0000021f1b387150, 0x0000021f1b386ac0, 0x0000021f1b387e70,
0x0000021f1b388500, 0x0000021f1b389220, 0x0000021f1b385da0, 0x0000021f1969fea0,
0x0000021f1969f180, 0x0000021f196a18e0, 0x0000021f196a2c90, 0x0000021f1969f810,
0x0000021f196a1250, 0x0000021f196a0530, 0x0000021f196a0bc0, 0x0000021f196a4d60,
0x0000021f196a53f0, 0x0000021f196a2600, 0x0000021f196a3320, 0x0000021f196a46d0,
0x0000021f196a39b0, 0x0000021f196a4040, 0x0000021f196a1f70, 0x0000021f1fcdee70,
0x0000021f1fce0220, 0x0000021f1fcdf500, 0x0000021f1fcdfb90, 0x0000021f1fcde7e0,
0x0000021f1fce08b0, 0x0000021f1fcdd430, 0x0000021f1fce0f40, 0x0000021f1fcddac0,
0x0000021f1fce15d0, 0x0000021f1fcde150, 0x0000021f1fce3d30, 0x0000021f1fce4a50,
0x0000021f1fce36a0, 0x0000021f1fce1c60, 0x0000021f1fce22f0, 0x0000021f1fce43c0,
0x0000021f1fce2980, 0x0000021f1fce3010, 0x0000021f1d4777d0, 0x0000021f1d478b80,
0x0000021f1d476ab0, 0x0000021f1d479210, 0x0000021f1d477e60, 0x0000021f1d4798a0,
0x0000021f1d479f30, 0x0000021f1d4784f0, 0x0000021f1d477140, 0x0000021f2145cfd0,
0x0000021f2145af00, 0x0000021f2145a870, 0x0000021f2145a1e0, 0x0000021f21459b50,
0x0000021f2145d660, 0x0000021f2145bc20, 0x0000021f2145b590, 0x0000021f2145c2b0,
0x0000021f2145dcf0, 0x0000021f2145f0a0, 0x0000021f2145f730, 0x0000021f2145fdc0,
0x0000021f2145c940, 0x0000021f21460450, 0x0000021f2145e380, 0x0000021f21461170,
0x0000021f21460ae0, 0x0000021f2145ea10, 0x0000021f1f145e40, 0x0000021f1f147880,
0x0000021f1f1471f0, 0x0000021f1f146b60, 0x0000021f1f1492c0, 0x0000021f1a0a2f70,
0x0000021f1a0a28e0, 0x0000021f1a0a0180, 0x0000021f1a0a3c90, 0x0000021f1a0a4320,
0x0000021f1a0a0ea0, 0x0000021f1a0a49b0, 0x0000021f1a0a1bc0, 0x0000021f1a0a5040,
0x0000021f1a0a56d0, 0x0000021f1a0a2250, 0x0000021f1a0a7110, 0x0000021f1a0a77a0,
0x0000021f1a0a6a80, 0x0000021f1b54db90, 0x0000021f1b54d500, 0x0000021f1b5502f0,
0x0000021f1b54e8b0, 0x0000021f1b550980, 0x0000021f1b551010, 0x0000021f1b5516a0,
0x0000021f1b54e220, 0x0000021f1b551d30, 0x0000021f1b5523c0, 0x0000021f1b54ef40,
0x0000021f1b552a50, 0x0000021f1b54f5d0, 0x0000021f1b553770, 0x0000021f1b554b20,
0x0000021f1b554490, 0x0000021f1b553e00, 0x0000021f1b5530e0, 0x0000021f1f1597c0,
0x0000021f1f159e50, 0x0000021f1f1569d0, 0x0000021f1f157060, 0x0000021f1f158aa0,
0x0000021f1f15ab70, 0x0000021f1f1576f0, 0x0000021f1f159130, 0x0000021f1f15a4e0,
0x0000021f1f15b200, 0x0000021f1f157d80, 0x0000021f1f15b890, 0x0000021f1f158410,
0x0000021f1f15bf20, 0x0000021f1f15d2d0, 0x0000021f1f15dff0, 0x0000021f1f15c5b0,
0x0000021f1f15cc40, 0x0000021f1eefdc40, 0x0000021f1eefc200, 0x0000021f1eefb4e0,
0x0000021f1eefeff0, 0x0000021f1eefc890, 0x0000021f1eefbb70, 0x0000021f1eeff680,
0x0000021f1eeffd10, 0x0000021f196e9b00, 0x0000021f196ea820, 0x0000021f196e9470,
0x0000021f196e8de0, 0x0000021f196e80c0, 0x0000021f196e7a30, 0x0000021f196ea190,
0x0000021f196e73a0, 0x0000021f196eaeb0, 0x0000021f196ee330, 0x0000021f196edca0,
0x0000021f196eb540, 0x0000021f196ee9c0, 0x0000021f196ef050, 0x0000021f196ebbd0,
0x0000021f1fa4cd00
}

Java Threads: ( => current thread )
  0x0000021f50daf1b0 JavaThread "main"                              [_thread_blocked, id=18196, stack(0x000000dd9b100000,0x000000dd9b200000) (1024K)]
  0x0000021f1915a890 JavaThread "Reference Handler"          daemon [_thread_blocked, id=9832, stack(0x000000dd9b900000,0x000000dd9ba00000) (1024K)]
  0x0000021f1915af00 JavaThread "Finalizer"                  daemon [_thread_blocked, id=9968, stack(0x000000dd9ba00000,0x000000dd9bb00000) (1024K)]
  0x0000021f1915efc0 JavaThread "Signal Dispatcher"          daemon [_thread_blocked, id=9144, stack(0x000000dd9bb00000,0x000000dd9bc00000) (1024K)]
  0x0000021f19164460 JavaThread "Attach Listener"            daemon [_thread_blocked, id=13720, stack(0x000000dd9bc00000,0x000000dd9bd00000) (1024K)]
  0x0000021f191699c0 JavaThread "Service Thread"             daemon [_thread_blocked, id=9732, stack(0x000000dd9bd00000,0x000000dd9be00000) (1024K)]
  0x0000021f19178bf0 JavaThread "Monitor Deflation Thread"   daemon [_thread_blocked, id=7624, stack(0x000000dd9be00000,0x000000dd9bf00000) (1024K)]
  0x0000021f19179590 JavaThread "C2 CompilerThread0"         daemon [_thread_blocked, id=9112, stack(0x000000dd9bf00000,0x000000dd9c000000) (1024K)]
  0x0000021f1917a970 JavaThread "C1 CompilerThread0"         daemon [_thread_blocked, id=12204, stack(0x000000dd9c000000,0x000000dd9c100000) (1024K)]
  0x0000021f192abff0 JavaThread "Common-Cleaner"             daemon [_thread_blocked, id=16168, stack(0x000000dd9c100000,0x000000dd9c200000) (1024K)]
  0x0000021f19465780 JavaThread "Notification Thread"        daemon [_thread_blocked, id=9972, stack(0x000000dd9c300000,0x000000dd9c400000) (1024K)]
  0x0000021f1a715440 JavaThread "Daemon health stats"               [_thread_blocked, id=4728, stack(0x000000dd9cd00000,0x000000dd9ce00000) (1024K)]
  0x0000021f1ad5b850 JavaThread "Incoming local TCP Connector on port 51449"        [_thread_in_native, id=16048, stack(0x000000dd9ce00000,0x000000dd9cf00000) (1024K)]
  0x0000021f1ae2e6a0 JavaThread "Daemon periodic checks"            [_thread_blocked, id=14716, stack(0x000000dd9cf00000,0x000000dd9d000000) (1024K)]
  0x0000021f1ae93240 JavaThread "Daemon"                            [_thread_blocked, id=16544, stack(0x000000dd9d000000,0x000000dd9d100000) (1024K)]
  0x0000021f1ae7ad40 JavaThread "Handler for socket connection from /127.0.0.1:51449 to /127.0.0.1:63908"        [_thread_in_native, id=5244, stack(0x000000dd9d100000,0x000000dd9d200000) (1024K)]
  0x0000021f1ae84080 JavaThread "Cancel handler"                    [_thread_blocked, id=12592, stack(0x000000dd9d200000,0x000000dd9d300000) (1024K)]
  0x0000021f1afbe520 JavaThread "Daemon worker"                     [_thread_in_native, id=17404, stack(0x000000dd9d300000,0x000000dd9d400000) (1024K)]
  0x0000021f1afbde90 JavaThread "Asynchronous log dispatcher for DefaultDaemonConnection: socket connection from /127.0.0.1:51449 to /127.0.0.1:63908"        [_thread_blocked, id=10280, stack(0x000000dd9d400000,0x000000dd9d500000) (1024K)]
  0x0000021f1afbebb0 JavaThread "Stdin handler"                     [_thread_blocked, id=14620, stack(0x000000dd9d500000,0x000000dd9d600000) (1024K)]
  0x0000021f1afbd170 JavaThread "Daemon client event forwarder"        [_thread_blocked, id=12992, stack(0x000000dd9d600000,0x000000dd9d700000) (1024K)]
  0x0000021f1afbf240 JavaThread "Cache worker for journal cache (C:\Users\mikoq\.gradle\caches\journal-1)"        [_thread_blocked, id=7408, stack(0x000000dd9c400000,0x000000dd9c500000) (1024K)]
  0x0000021f1afbf8d0 JavaThread "File lock request listener"        [_thread_in_native, id=9184, stack(0x000000dd9d700000,0x000000dd9d800000) (1024K)]
  0x0000021f1afbff60 JavaThread "Cache worker for file hash cache (C:\Users\mikoq\.gradle\caches\9.3.0\fileHashes)"        [_thread_blocked, id=5500, stack(0x000000dd9d800000,0x000000dd9d900000) (1024K)]
  0x0000021f1b383640 JavaThread "Cache worker for file hash cache (C:\Users\mikoq\IdeaProjects\ms-auth\.gradle\9.3.0\fileHashes)"        [_thread_blocked, id=5812, stack(0x000000dd9dc00000,0x000000dd9dd00000) (1024K)]
  0x0000021f1b382920 JavaThread "Cache worker for Build Output Cleanup Cache (C:\Users\mikoq\IdeaProjects\ms-auth\.gradle\buildOutputCleanup)"        [_thread_blocked, id=8112, stack(0x000000dd9dd00000,0x000000dd9de00000) (1024K)]
  0x0000021f1b383cd0 JavaThread "File watcher server"        daemon [_thread_in_native, id=17344, stack(0x000000dd9de00000,0x000000dd9df00000) (1024K)]
  0x0000021f1b384360 JavaThread "File watcher consumer"      daemon [_thread_blocked, id=17784, stack(0x000000dd9df00000,0x000000dd9e000000) (1024K)]
  0x0000021f1b3849f0 JavaThread "Cache worker for checksums cache (C:\Users\mikoq\IdeaProjects\ms-auth\.gradle\9.3.0\checksums)"        [_thread_blocked, id=15964, stack(0x000000dd9e000000,0x000000dd9e100000) (1024K)]
  0x0000021f1b382fb0 JavaThread "Cache worker for file content cache (C:\Users\mikoq\.gradle\caches\9.3.0\fileContent)"        [_thread_blocked, id=3020, stack(0x000000dd9e100000,0x000000dd9e200000) (1024K)]
  0x0000021f1b385080 JavaThread "Cache worker for cache directory md-supplier (C:\Users\mikoq\.gradle\caches\9.3.0\md-supplier)"        [_thread_blocked, id=7416, stack(0x000000dd9e200000,0x000000dd9e300000) (1024K)]
  0x0000021f1b381c00 JavaThread "Cache worker for cache directory md-rule (C:\Users\mikoq\.gradle\caches\9.3.0\md-rule)"        [_thread_blocked, id=6480, stack(0x000000dd9e300000,0x000000dd9e400000) (1024K)]
  0x0000021f1b388b90 JavaThread "jar transforms"                    [_thread_blocked, id=12452, stack(0x000000dd9e500000,0x000000dd9e600000) (1024K)]
  0x0000021f1b387150 JavaThread "jar transforms Thread 2"           [_thread_blocked, id=17280, stack(0x000000dd9e600000,0x000000dd9e700000) (1024K)]
  0x0000021f1b386ac0 JavaThread "jar transforms Thread 3"           [_thread_blocked, id=10696, stack(0x000000dd9e700000,0x000000dd9e800000) (1024K)]
  0x0000021f1b387e70 JavaThread "Unconstrained build operations"        [_thread_blocked, id=16856, stack(0x000000dd9e800000,0x000000dd9e900000) (1024K)]
  0x0000021f1b388500 JavaThread "Unconstrained build operations Thread 2"        [_thread_blocked, id=17720, stack(0x000000dd9e900000,0x000000dd9ea00000) (1024K)]
  0x0000021f1b389220 JavaThread "Unconstrained build operations Thread 3"        [_thread_blocked, id=3852, stack(0x000000dd9ea00000,0x000000dd9eb00000) (1024K)]
  0x0000021f1b385da0 JavaThread "Unconstrained build operations Thread 4"        [_thread_blocked, id=1348, stack(0x000000dd9eb00000,0x000000dd9ec00000) (1024K)]
  0x0000021f1969fea0 JavaThread "Unconstrained build operations Thread 5"        [_thread_blocked, id=16940, stack(0x000000dd9ec00000,0x000000dd9ed00000) (1024K)]
  0x0000021f1969f180 JavaThread "Unconstrained build operations Thread 6"        [_thread_blocked, id=16648, stack(0x000000dd9ed00000,0x000000dd9ee00000) (1024K)]
  0x0000021f196a18e0 JavaThread "Unconstrained build operations Thread 7"        [_thread_blocked, id=8048, stack(0x000000dd9ee00000,0x000000dd9ef00000) (1024K)]
  0x0000021f196a2c90 JavaThread "Unconstrained build operations Thread 8"        [_thread_blocked, id=3816, stack(0x000000dd9ef00000,0x000000dd9f000000) (1024K)]
  0x0000021f1969f810 JavaThread "Unconstrained build operations Thread 9"        [_thread_blocked, id=7340, stack(0x000000dd9f000000,0x000000dd9f100000) (1024K)]
  0x0000021f196a1250 JavaThread "Unconstrained build operations Thread 10"        [_thread_blocked, id=16780, stack(0x000000dd9f100000,0x000000dd9f200000) (1024K)]
  0x0000021f196a0530 JavaThread "Unconstrained build operations Thread 11"        [_thread_blocked, id=8016, stack(0x000000dd9f200000,0x000000dd9f300000) (1024K)]
  0x0000021f196a0bc0 JavaThread "Unconstrained build operations Thread 12"        [_thread_blocked, id=11176, stack(0x000000dd9f300000,0x000000dd9f400000) (1024K)]
  0x0000021f196a4d60 JavaThread "Unconstrained build operations Thread 13"        [_thread_blocked, id=8004, stack(0x000000dd9f400000,0x000000dd9f500000) (1024K)]
  0x0000021f196a53f0 JavaThread "Unconstrained build operations Thread 14"        [_thread_blocked, id=2008, stack(0x000000dd9f500000,0x000000dd9f600000) (1024K)]
  0x0000021f196a2600 JavaThread "Unconstrained build operations Thread 15"        [_thread_blocked, id=3404, stack(0x000000dd9f600000,0x000000dd9f700000) (1024K)]
  0x0000021f196a3320 JavaThread "Unconstrained build operations Thread 16"        [_thread_blocked, id=11628, stack(0x000000dd9f700000,0x000000dd9f800000) (1024K)]
  0x0000021f196a46d0 JavaThread "Unconstrained build operations Thread 17"        [_thread_blocked, id=14068, stack(0x000000dd9f800000,0x000000dd9f900000) (1024K)]
  0x0000021f196a39b0 JavaThread "Unconstrained build operations Thread 18"        [_thread_blocked, id=17856, stack(0x000000dd9f900000,0x000000dd9fa00000) (1024K)]
  0x0000021f196a4040 JavaThread "Unconstrained build operations Thread 19"        [_thread_blocked, id=12128, stack(0x000000dd9fa00000,0x000000dd9fb00000) (1024K)]
  0x0000021f196a1f70 JavaThread "Unconstrained build operations Thread 20"        [_thread_blocked, id=11308, stack(0x000000dd9fb00000,0x000000dd9fc00000) (1024K)]
  0x0000021f1fcdee70 JavaThread "jar transforms Thread 4"           [_thread_blocked, id=18232, stack(0x000000dd9fc00000,0x000000dd9fd00000) (1024K)]
  0x0000021f1fce0220 JavaThread "jar transforms Thread 5"           [_thread_blocked, id=7012, stack(0x000000dd9fd00000,0x000000dd9fe00000) (1024K)]
  0x0000021f1fcdf500 JavaThread "Unconstrained build operations Thread 21"        [_thread_blocked, id=17732, stack(0x000000dd9fe00000,0x000000dd9ff00000) (1024K)]
  0x0000021f1fcdfb90 JavaThread "Unconstrained build operations Thread 22"        [_thread_blocked, id=16480, stack(0x000000dd9ff00000,0x000000dda0000000) (1024K)]
  0x0000021f1fcde7e0 JavaThread "Unconstrained build operations Thread 23"        [_thread_blocked, id=8028, stack(0x000000dda0000000,0x000000dda0100000) (1024K)]
  0x0000021f1fce08b0 JavaThread "Unconstrained build operations Thread 24"        [_thread_blocked, id=4652, stack(0x000000dda0100000,0x000000dda0200000) (1024K)]
  0x0000021f1fcdd430 JavaThread "Unconstrained build operations Thread 25"        [_thread_blocked, id=2056, stack(0x000000dda0200000,0x000000dda0300000) (1024K)]
  0x0000021f1fce0f40 JavaThread "Unconstrained build operations Thread 26"        [_thread_blocked, id=10460, stack(0x000000dda0300000,0x000000dda0400000) (1024K)]
  0x0000021f1fcddac0 JavaThread "Unconstrained build operations Thread 27"        [_thread_blocked, id=14408, stack(0x000000dda0400000,0x000000dda0500000) (1024K)]
  0x0000021f1fce15d0 JavaThread "Unconstrained build operations Thread 28"        [_thread_blocked, id=3604, stack(0x000000dda0500000,0x000000dda0600000) (1024K)]
  0x0000021f1fcde150 JavaThread "Unconstrained build operations Thread 29"        [_thread_blocked, id=9272, stack(0x000000dda0600000,0x000000dda0700000) (1024K)]
  0x0000021f1fce3d30 JavaThread "Unconstrained build operations Thread 30"        [_thread_blocked, id=1584, stack(0x000000dda0700000,0x000000dda0800000) (1024K)]
  0x0000021f1fce4a50 JavaThread "jar transforms Thread 6"           [_thread_blocked, id=3524, stack(0x000000dda0800000,0x000000dda0900000) (1024K)]
  0x0000021f1fce36a0 JavaThread "jar transforms Thread 7"           [_thread_blocked, id=10236, stack(0x000000dda0900000,0x000000dda0a00000) (1024K)]
  0x0000021f1fce1c60 JavaThread "Unconstrained build operations Thread 31"        [_thread_blocked, id=8924, stack(0x000000dda0a00000,0x000000dda0b00000) (1024K)]
  0x0000021f1fce22f0 JavaThread "Unconstrained build operations Thread 32"        [_thread_blocked, id=8824, stack(0x000000dda0b00000,0x000000dda0c00000) (1024K)]
  0x0000021f1fce43c0 JavaThread "Unconstrained build operations Thread 33"        [_thread_blocked, id=8820, stack(0x000000dda0c00000,0x000000dda0d00000) (1024K)]
  0x0000021f1fce2980 JavaThread "Unconstrained build operations Thread 34"        [_thread_blocked, id=18332, stack(0x000000dda0d00000,0x000000dda0e00000) (1024K)]
  0x0000021f1fce3010 JavaThread "Unconstrained build operations Thread 35"        [_thread_blocked, id=8264, stack(0x000000dda0e00000,0x000000dda0f00000) (1024K)]
  0x0000021f1d4777d0 JavaThread "Unconstrained build operations Thread 36"        [_thread_blocked, id=18220, stack(0x000000dda0f00000,0x000000dda1000000) (1024K)]
  0x0000021f1d478b80 JavaThread "Unconstrained build operations Thread 37"        [_thread_blocked, id=16500, stack(0x000000dda1000000,0x000000dda1100000) (1024K)]
  0x0000021f1d476ab0 JavaThread "Unconstrained build operations Thread 38"        [_thread_blocked, id=1800, stack(0x000000dda1100000,0x000000dda1200000) (1024K)]
  0x0000021f1d479210 JavaThread "Unconstrained build operations Thread 39"        [_thread_blocked, id=17704, stack(0x000000dda1200000,0x000000dda1300000) (1024K)]
  0x0000021f1d477e60 JavaThread "Unconstrained build operations Thread 40"        [_thread_blocked, id=9820, stack(0x000000dda1300000,0x000000dda1400000) (1024K)]
  0x0000021f1d4798a0 JavaThread "jar transforms Thread 8"           [_thread_blocked, id=18260, stack(0x000000dda1400000,0x000000dda1500000) (1024K)]
  0x0000021f1d479f30 JavaThread "jar transforms Thread 9"           [_thread_blocked, id=2776, stack(0x000000dda1500000,0x000000dda1600000) (1024K)]
  0x0000021f1d4784f0 JavaThread "Unconstrained build operations Thread 41"        [_thread_blocked, id=3268, stack(0x000000dda1600000,0x000000dda1700000) (1024K)]
  0x0000021f1d477140 JavaThread "Unconstrained build operations Thread 42"        [_thread_blocked, id=17596, stack(0x000000dda1700000,0x000000dda1800000) (1024K)]
  0x0000021f2145cfd0 JavaThread "Unconstrained build operations Thread 43"        [_thread_blocked, id=6968, stack(0x000000dda1800000,0x000000dda1900000) (1024K)]
  0x0000021f2145af00 JavaThread "Unconstrained build operations Thread 44"        [_thread_blocked, id=18004, stack(0x000000dda1900000,0x000000dda1a00000) (1024K)]
  0x0000021f2145a870 JavaThread "Unconstrained build operations Thread 45"        [_thread_blocked, id=17632, stack(0x000000dda1a00000,0x000000dda1b00000) (1024K)]
  0x0000021f2145a1e0 JavaThread "Unconstrained build operations Thread 46"        [_thread_blocked, id=3320, stack(0x000000dda1b00000,0x000000dda1c00000) (1024K)]
  0x0000021f21459b50 JavaThread "Unconstrained build operations Thread 47"        [_thread_blocked, id=6756, stack(0x000000dda1c00000,0x000000dda1d00000) (1024K)]
  0x0000021f2145d660 JavaThread "Unconstrained build operations Thread 48"        [_thread_blocked, id=3680, stack(0x000000dda1d00000,0x000000dda1e00000) (1024K)]
  0x0000021f2145bc20 JavaThread "Unconstrained build operations Thread 49"        [_thread_blocked, id=17128, stack(0x000000dda1e00000,0x000000dda1f00000) (1024K)]
  0x0000021f2145b590 JavaThread "Unconstrained build operations Thread 50"        [_thread_blocked, id=18060, stack(0x000000dda1f00000,0x000000dda2000000) (1024K)]
  0x0000021f2145c2b0 JavaThread "jar transforms Thread 10"          [_thread_blocked, id=17828, stack(0x000000dda2000000,0x000000dda2100000) (1024K)]
  0x0000021f2145dcf0 JavaThread "jar transforms Thread 11"          [_thread_blocked, id=8176, stack(0x000000dda2100000,0x000000dda2200000) (1024K)]
  0x0000021f2145f0a0 JavaThread "Unconstrained build operations Thread 51"        [_thread_blocked, id=18116, stack(0x000000dda2200000,0x000000dda2300000) (1024K)]
  0x0000021f2145f730 JavaThread "Unconstrained build operations Thread 52"        [_thread_blocked, id=3368, stack(0x000000dda2300000,0x000000dda2400000) (1024K)]
  0x0000021f2145fdc0 JavaThread "Unconstrained build operations Thread 53"        [_thread_blocked, id=7724, stack(0x000000dda2400000,0x000000dda2500000) (1024K)]
  0x0000021f2145c940 JavaThread "Unconstrained build operations Thread 54"        [_thread_blocked, id=2852, stack(0x000000dda2500000,0x000000dda2600000) (1024K)]
  0x0000021f21460450 JavaThread "Unconstrained build operations Thread 55"        [_thread_blocked, id=11916, stack(0x000000dda2600000,0x000000dda2700000) (1024K)]
  0x0000021f2145e380 JavaThread "Unconstrained build operations Thread 56"        [_thread_blocked, id=4520, stack(0x000000dda2700000,0x000000dda2800000) (1024K)]
  0x0000021f21461170 JavaThread "Unconstrained build operations Thread 57"        [_thread_blocked, id=11260, stack(0x000000dda2800000,0x000000dda2900000) (1024K)]
  0x0000021f21460ae0 JavaThread "Unconstrained build operations Thread 58"        [_thread_blocked, id=3276, stack(0x000000dda2900000,0x000000dda2a00000) (1024K)]
  0x0000021f2145ea10 JavaThread "Unconstrained build operations Thread 59"        [_thread_blocked, id=9828, stack(0x000000dda2a00000,0x000000dda2b00000) (1024K)]
  0x0000021f1f145e40 JavaThread "Unconstrained build operations Thread 60"        [_thread_blocked, id=4324, stack(0x000000dda2b00000,0x000000dda2c00000) (1024K)]
  0x0000021f1f147880 JavaThread "jar transforms Thread 12"          [_thread_blocked, id=17352, stack(0x000000dda2c00000,0x000000dda2d00000) (1024K)]
  0x0000021f1f1471f0 JavaThread "Unconstrained build operations Thread 61"        [_thread_blocked, id=7736, stack(0x000000dd9c200000,0x000000dd9c300000) (1024K)]
  0x0000021f1f146b60 JavaThread "Unconstrained build operations Thread 62"        [_thread_blocked, id=7876, stack(0x000000dd9e400000,0x000000dd9e500000) (1024K)]
  0x0000021f1f1492c0 JavaThread "Unconstrained build operations Thread 63"        [_thread_blocked, id=8728, stack(0x000000dda2e00000,0x000000dda2f00000) (1024K)]
  0x0000021f1a0a2f70 JavaThread "Unconstrained build operations Thread 64"        [_thread_blocked, id=12308, stack(0x000000dda2f00000,0x000000dda3000000) (1024K)]
  0x0000021f1a0a28e0 JavaThread "Unconstrained build operations Thread 65"        [_thread_blocked, id=14900, stack(0x000000dda3200000,0x000000dda3300000) (1024K)]
  0x0000021f1a0a0180 JavaThread "Unconstrained build operations Thread 66"        [_thread_blocked, id=14812, stack(0x000000dda3300000,0x000000dda3400000) (1024K)]
  0x0000021f1a0a3c90 JavaThread "Unconstrained build operations Thread 67"        [_thread_blocked, id=14808, stack(0x000000dda3400000,0x000000dda3500000) (1024K)]
  0x0000021f1a0a4320 JavaThread "Unconstrained build operations Thread 68"        [_thread_blocked, id=14784, stack(0x000000dda3500000,0x000000dda3600000) (1024K)]
  0x0000021f1a0a0ea0 JavaThread "Unconstrained build operations Thread 69"        [_thread_blocked, id=2172, stack(0x000000dda3000000,0x000000dda3100000) (1024K)]
  0x0000021f1a0a49b0 JavaThread "Unconstrained build operations Thread 70"        [_thread_blocked, id=17104, stack(0x000000dda3100000,0x000000dda3200000) (1024K)]
  0x0000021f1a0a1bc0 JavaThread "Unconstrained build operations Thread 71"        [_thread_blocked, id=11196, stack(0x000000dda3600000,0x000000dda3700000) (1024K)]
  0x0000021f1a0a5040 JavaThread "Unconstrained build operations Thread 72"        [_thread_blocked, id=17988, stack(0x000000dda3700000,0x000000dda3800000) (1024K)]
  0x0000021f1a0a56d0 JavaThread "Unconstrained build operations Thread 73"        [_thread_blocked, id=6212, stack(0x000000dda3800000,0x000000dda3900000) (1024K)]
  0x0000021f1a0a2250 JavaThread "Unconstrained build operations Thread 74"        [_thread_blocked, id=1248, stack(0x000000dda3900000,0x000000dda3a00000) (1024K)]
  0x0000021f1a0a7110 JavaThread "Unconstrained build operations Thread 75"        [_thread_blocked, id=1288, stack(0x000000dda3a00000,0x000000dda3b00000) (1024K)]
  0x0000021f1a0a77a0 JavaThread "Unconstrained build operations Thread 76"        [_thread_blocked, id=1460, stack(0x000000dda3b00000,0x000000dda3c00000) (1024K)]
  0x0000021f1a0a6a80 JavaThread "Unconstrained build operations Thread 77"        [_thread_blocked, id=6520, stack(0x000000dda3d00000,0x000000dda3e00000) (1024K)]
  0x0000021f1b54db90 JavaThread "Unconstrained build operations Thread 78"        [_thread_blocked, id=9556, stack(0x000000dda3e00000,0x000000dda3f00000) (1024K)]
  0x0000021f1b54d500 JavaThread "Unconstrained build operations Thread 79"        [_thread_blocked, id=16012, stack(0x000000dda3f00000,0x000000dda4000000) (1024K)]
  0x0000021f1b5502f0 JavaThread "Unconstrained build operations Thread 80"        [_thread_blocked, id=16776, stack(0x000000dda4000000,0x000000dda4100000) (1024K)]
  0x0000021f1b54e8b0 JavaThread "Unconstrained build operations Thread 81"        [_thread_blocked, id=10948, stack(0x000000dda3c00000,0x000000dda3d00000) (1024K)]
  0x0000021f1b550980 JavaThread "Unconstrained build operations Thread 82"        [_thread_blocked, id=17264, stack(0x000000dda4100000,0x000000dda4200000) (1024K)]
  0x0000021f1b551010 JavaThread "Unconstrained build operations Thread 83"        [_thread_in_native, id=3812, stack(0x000000dda4200000,0x000000dda4300000) (1024K)]
  0x0000021f1b5516a0 JavaThread "Unconstrained build operations Thread 84"        [_thread_blocked, id=11968, stack(0x000000dda4300000,0x000000dda4400000) (1024K)]
  0x0000021f1b54e220 JavaThread "Unconstrained build operations Thread 85"        [_thread_blocked, id=3976, stack(0x000000dda4400000,0x000000dda4500000) (1024K)]
  0x0000021f1b551d30 JavaThread "Unconstrained build operations Thread 86"        [_thread_blocked, id=3844, stack(0x000000dda4500000,0x000000dda4600000) (1024K)]
  0x0000021f1b5523c0 JavaThread "Unconstrained build operations Thread 87"        [_thread_blocked, id=16896, stack(0x000000dda4600000,0x000000dda4700000) (1024K)]
  0x0000021f1b54ef40 JavaThread "Unconstrained build operations Thread 88"        [_thread_blocked, id=16404, stack(0x000000dda4700000,0x000000dda4800000) (1024K)]
  0x0000021f1b552a50 JavaThread "Unconstrained build operations Thread 89"        [_thread_blocked, id=17364, stack(0x000000dda4800000,0x000000dda4900000) (1024K)]
  0x0000021f1b54f5d0 JavaThread "Unconstrained build operations Thread 90"        [_thread_blocked, id=11472, stack(0x000000dda4900000,0x000000dda4a00000) (1024K)]
  0x0000021f1b553770 JavaThread "Unconstrained build operations Thread 91"        [_thread_blocked, id=9996, stack(0x000000dda4a00000,0x000000dda4b00000) (1024K)]
  0x0000021f1b554b20 JavaThread "Unconstrained build operations Thread 92"        [_thread_blocked, id=10728, stack(0x000000dda4d00000,0x000000dda4e00000) (1024K)]
  0x0000021f1b554490 JavaThread "Unconstrained build operations Thread 93"        [_thread_blocked, id=1992, stack(0x000000dda4e00000,0x000000dda4f00000) (1024K)]
  0x0000021f1b553e00 JavaThread "Unconstrained build operations Thread 94"        [_thread_blocked, id=11664, stack(0x000000dda4f00000,0x000000dda5000000) (1024K)]
  0x0000021f1b5530e0 JavaThread "Unconstrained build operations Thread 95"        [_thread_blocked, id=4784, stack(0x000000dda5000000,0x000000dda5100000) (1024K)]
  0x0000021f1f1597c0 JavaThread "Unconstrained build operations Thread 96"        [_thread_blocked, id=16820, stack(0x000000dda5100000,0x000000dda5200000) (1024K)]
  0x0000021f1f159e50 JavaThread "Unconstrained build operations Thread 97"        [_thread_blocked, id=10652, stack(0x000000dda5200000,0x000000dda5300000) (1024K)]
  0x0000021f1f1569d0 JavaThread "Unconstrained build operations Thread 98"        [_thread_blocked, id=11004, stack(0x000000dda5300000,0x000000dda5400000) (1024K)]
  0x0000021f1f157060 JavaThread "Unconstrained build operations Thread 99"        [_thread_blocked, id=11020, stack(0x000000dda5400000,0x000000dda5500000) (1024K)]
  0x0000021f1f158aa0 JavaThread "Unconstrained build operations Thread 100"        [_thread_blocked, id=1352, stack(0x000000dda5500000,0x000000dda5600000) (1024K)]
  0x0000021f1f15ab70 JavaThread "Unconstrained build operations Thread 101"        [_thread_blocked, id=16564, stack(0x000000dda5600000,0x000000dda5700000) (1024K)]
  0x0000021f1f1576f0 JavaThread "Unconstrained build operations Thread 102"        [_thread_blocked, id=18320, stack(0x000000dda5700000,0x000000dda5800000) (1024K)]
  0x0000021f1f159130 JavaThread "Unconstrained build operations Thread 103"        [_thread_blocked, id=11076, stack(0x000000dda5800000,0x000000dda5900000) (1024K)]
  0x0000021f1f15a4e0 JavaThread "Unconstrained build operations Thread 104"        [_thread_blocked, id=11180, stack(0x000000dda5900000,0x000000dda5a00000) (1024K)]
  0x0000021f1f15b200 JavaThread "Unconstrained build operations Thread 105"        [_thread_blocked, id=11172, stack(0x000000dda5a00000,0x000000dda5b00000) (1024K)]
  0x0000021f1f157d80 JavaThread "Unconstrained build operations Thread 106"        [_thread_blocked, id=11316, stack(0x000000dda5b00000,0x000000dda5c00000) (1024K)]
  0x0000021f1f15b890 JavaThread "Unconstrained build operations Thread 107"        [_thread_blocked, id=4544, stack(0x000000dda5c00000,0x000000dda5d00000) (1024K)]
  0x0000021f1f158410 JavaThread "Unconstrained build operations Thread 108"        [_thread_blocked, id=3684, stack(0x000000dda5d00000,0x000000dda5e00000) (1024K)]
  0x0000021f1f15bf20 JavaThread "Unconstrained build operations Thread 109"        [_thread_blocked, id=11764, stack(0x000000dda5e00000,0x000000dda5f00000) (1024K)]
  0x0000021f1f15d2d0 JavaThread "Unconstrained build operations Thread 110"        [_thread_blocked, id=6424, stack(0x000000dda5f00000,0x000000dda6000000) (1024K)]
  0x0000021f1f15dff0 JavaThread "Unconstrained build operations Thread 111"        [_thread_blocked, id=10080, stack(0x000000dda6000000,0x000000dda6100000) (1024K)]
  0x0000021f1f15c5b0 JavaThread "Unconstrained build operations Thread 112"        [_thread_blocked, id=11228, stack(0x000000dda6100000,0x000000dda6200000) (1024K)]
  0x0000021f1f15cc40 JavaThread "Unconstrained build operations Thread 113"        [_thread_blocked, id=18268, stack(0x000000dda6200000,0x000000dda6300000) (1024K)]
  0x0000021f1eefdc40 JavaThread "Memory manager"                    [_thread_blocked, id=5424, stack(0x000000dda6300000,0x000000dda6400000) (1024K)]
  0x0000021f1eefc200 JavaThread "Unconstrained build operations Thread 114"        [_thread_blocked, id=12936, stack(0x000000dda4c00000,0x000000dda4d00000) (1024K)]
  0x0000021f1eefb4e0 JavaThread "Unconstrained build operations Thread 115"        [_thread_blocked, id=2932, stack(0x000000dda6400000,0x000000dda6500000) (1024K)]
  0x0000021f1eefeff0 JavaThread "Unconstrained build operations Thread 116"        [_thread_blocked, id=16228, stack(0x000000dda6500000,0x000000dda6600000) (1024K)]
  0x0000021f1eefc890 JavaThread "Unconstrained build operations Thread 117"        [_thread_blocked, id=14728, stack(0x000000dda6600000,0x000000dda6700000) (1024K)]
  0x0000021f1eefbb70 JavaThread "Unconstrained build operations Thread 118"        [_thread_blocked, id=11900, stack(0x000000dda6700000,0x000000dda6800000) (1024K)]
  0x0000021f1eeff680 JavaThread "Unconstrained build operations Thread 119"        [_thread_blocked, id=3408, stack(0x000000dda6800000,0x000000dda6900000) (1024K)]
  0x0000021f1eeffd10 JavaThread "Unconstrained build operations Thread 120"        [_thread_blocked, id=17048, stack(0x000000dda6900000,0x000000dda6a00000) (1024K)]
  0x0000021f196e9b00 JavaThread "ForkJoinPool.commonPool-worker-1" daemon [_thread_blocked, id=19424, stack(0x000000dda6b00000,0x000000dda6c00000) (1024K)]
  0x0000021f196ea820 JavaThread "ForkJoinPool.commonPool-worker-2" daemon [_thread_blocked, id=19428, stack(0x000000dda6c00000,0x000000dda6d00000) (1024K)]
  0x0000021f196e9470 JavaThread "ForkJoinPool.commonPool-worker-3" daemon [_thread_blocked, id=19432, stack(0x000000dda6d00000,0x000000dda6e00000) (1024K)]
  0x0000021f196e8de0 JavaThread "ForkJoinPool.commonPool-worker-4" daemon [_thread_blocked, id=19436, stack(0x000000dda6e00000,0x000000dda6f00000) (1024K)]
  0x0000021f196e80c0 JavaThread "ForkJoinPool.commonPool-worker-5" daemon [_thread_blocked, id=19440, stack(0x000000dda6f00000,0x000000dda7000000) (1024K)]
  0x0000021f196e7a30 JavaThread "ForkJoinPool.commonPool-worker-6" daemon [_thread_blocked, id=19444, stack(0x000000dda7000000,0x000000dda7100000) (1024K)]
  0x0000021f196ea190 JavaThread "ForkJoinPool.commonPool-worker-8" daemon [_thread_blocked, id=19448, stack(0x000000dda7100000,0x000000dda7200000) (1024K)]
  0x0000021f196e73a0 JavaThread "ForkJoinPool.commonPool-worker-7" daemon [_thread_blocked, id=19452, stack(0x000000dda7200000,0x000000dda7300000) (1024K)]
  0x0000021f196eaeb0 JavaThread "ForkJoinPool.commonPool-worker-9" daemon [_thread_blocked, id=16924, stack(0x000000dda7300000,0x000000dda7400000) (1024K)]
  0x0000021f196ee330 JavaThread "ForkJoinPool.commonPool-worker-11" daemon [_thread_blocked, id=2872, stack(0x000000dda7400000,0x000000dda7500000) (1024K)]
  0x0000021f196edca0 JavaThread "ForkJoinPool.commonPool-worker-10" daemon [_thread_blocked, id=14644, stack(0x000000dda7500000,0x000000dda7600000) (1024K)]
  0x0000021f196eb540 JavaThread "Exec process"               daemon [_thread_blocked, id=9512, stack(0x000000dda7600000,0x000000dda7700000) (1024K)]
  0x0000021f196ee9c0 JavaThread "Exec process Thread 2"      daemon [_thread_blocked, id=15080, stack(0x000000dda7700000,0x000000dda7800000) (1024K)]
  0x0000021f196ef050 JavaThread "Exec process Thread 3"      daemon [_thread_blocked, id=15172, stack(0x000000dda7800000,0x000000dda7900000) (1024K)]
  0x0000021f196ebbd0 JavaThread "Problems report writer"            [_thread_blocked, id=20368, stack(0x000000dd9ae00000,0x000000dd9af00000) (1024K)]
=>0x0000021f1fa4cd00 JavaThread "C2 CompilerThread1"         daemon [_thread_in_native, id=4104, stack(0x000000dd9af00000,0x000000dd9b000000) (1024K)]
Total: 181

Other Threads:
  0x0000021f6bd086b0 VMThread "VM Thread"                           [id=13496, stack(0x000000dd9b800000,0x000000dd9b900000) (1024K)]
  0x0000021f6bcf3810 WatcherThread "VM Periodic Task Thread"        [id=16116, stack(0x000000dd9b700000,0x000000dd9b800000) (1024K)]
  0x0000021f50dd9f40 WorkerThread "GC Thread#0"                     [id=18124, stack(0x000000dd9b200000,0x000000dd9b300000) (1024K)]
  0x0000021f1984bae0 WorkerThread "GC Thread#1"                     [id=16164, stack(0x000000dd9c500000,0x000000dd9c600000) (1024K)]
  0x0000021f1984be90 WorkerThread "GC Thread#2"                     [id=12984, stack(0x000000dd9c600000,0x000000dd9c700000) (1024K)]
  0x0000021f1950e2f0 WorkerThread "GC Thread#3"                     [id=5884, stack(0x000000dd9c700000,0x000000dd9c800000) (1024K)]
  0x0000021f1950e6a0 WorkerThread "GC Thread#4"                     [id=8912, stack(0x000000dd9c800000,0x000000dd9c900000) (1024K)]
  0x0000021f1950ea50 WorkerThread "GC Thread#5"                     [id=4232, stack(0x000000dd9c900000,0x000000dd9ca00000) (1024K)]
  0x0000021f1ab96160 WorkerThread "GC Thread#6"                     [id=4532, stack(0x000000dd9ca00000,0x000000dd9cb00000) (1024K)]
  0x0000021f1ab96510 WorkerThread "GC Thread#7"                     [id=16928, stack(0x000000dd9cb00000,0x000000dd9cc00000) (1024K)]
  0x0000021f1ab970d0 WorkerThread "GC Thread#8"                     [id=16812, stack(0x000000dd9cc00000,0x000000dd9cd00000) (1024K)]
  0x0000021f1c32e240 WorkerThread "GC Thread#9"                     [id=16576, stack(0x000000dd9d900000,0x000000dd9da00000) (1024K)]
  0x0000021f50ddf650 ConcurrentGCThread "G1 Main Marker"            [id=6524, stack(0x000000dd9b300000,0x000000dd9b400000) (1024K)]
  0x0000021f50de0110 WorkerThread "G1 Conc#0"                       [id=3444, stack(0x000000dd9b400000,0x000000dd9b500000) (1024K)]
  0x0000021f1c32d730 WorkerThread "G1 Conc#1"                       [id=8000, stack(0x000000dd9da00000,0x000000dd9db00000) (1024K)]
  0x0000021f1c32dae0 WorkerThread "G1 Conc#2"                       [id=7148, stack(0x000000dd9db00000,0x000000dd9dc00000) (1024K)]
  0x0000021f6bbbd640 ConcurrentGCThread "G1 Refine#0"               [id=13120, stack(0x000000dd9b500000,0x000000dd9b600000) (1024K)]
  0x0000021f6bbc4010 ConcurrentGCThread "G1 Service"                [id=16112, stack(0x000000dd9b600000,0x000000dd9b700000) (1024K)]
Total: 18

Threads with active compile tasks:
C2 CompilerThread1  67084 19353       4       java.util.stream.ReferencePipeline::anyMatch (18 bytes)
Total: 1

VM state: not at safepoint (normal execution)

VM Mutex/Monitor currently owned by a thread: None

Heap address: 0x00000000e0000000, size: 512 MB, Compressed Oops mode: 32-bit

CDS archive(s) mapped at: [0x0000021f00000000-0x0000021f00c60000-0x0000021f00c60000), size 12976128, SharedBaseAddress: 0x0000021f00000000, ArchiveRelocationMode: 1.
Compressed class space mapped at: 0x0000021f01000000-0x0000021f15000000, reserved size: 335544320
Narrow klass base: 0x0000021f00000000, Narrow klass shift: 0, Narrow klass range: 0x15000000

GC Precious Log:
 CardTable entry size: 512
 Card Set container configuration: InlinePtr #cards 5 size 8 Array Of Cards #cards 12 size 40 Howl #buckets 4 coarsen threshold 1843 Howl Bitmap #cards 512 size 80 coarsen threshold 460 Card regions per heap region 1 cards per card region 2048
 CPUs: 12 total, 12 available
 Memory: 7865M
 Large Page Support: Disabled
 NUMA Support: Disabled
 Compressed Oops: Enabled (32-bit)
 Heap Region Size: 1M
 Heap Min Capacity: 256M
 Heap Initial Capacity: 256M
 Heap Max Capacity: 512M
 Pre-touch: Disabled
 Parallel Workers: 10
 Concurrent Workers: 3
 Concurrent Refinement Workers: 10
 Periodic GC: Disabled

Heap:
 garbage-first heap   total reserved 524288K, committed 262144K, used 207442K [0x00000000e0000000, 0x0000000100000000)
  region size 1024K, 116 young (118784K), 11 survivors (11264K)
 Metaspace       used 82657K, committed 85056K, reserved 458752K
  class space    used 11456K, committed 12608K, reserved 327680K

Heap Regions: E=young(eden), S=young(survivor), O=old, HS=humongous(starts), HC=humongous(continues), CS=collection set, F=free, TAMS=top-at-mark-start, PB=parsable bottom
|   0|0x00000000e0000000, 0x00000000e0100000, 0x00000000e0100000|100%|HS|  |TAMS 0x00000000e0000000| PB 0x00000000e0000000| Complete |  0
|   1|0x00000000e0100000, 0x00000000e0200000, 0x00000000e0200000|100%|HC|  |TAMS 0x00000000e0100000| PB 0x00000000e0100000| Complete |  0
|   2|0x00000000e0200000, 0x00000000e0300000, 0x00000000e0300000|100%|HC|  |TAMS 0x00000000e0200000| PB 0x00000000e0200000| Complete |  0
|   3|0x00000000e0300000, 0x00000000e0400000, 0x00000000e0400000|100%|HC|  |TAMS 0x00000000e0300000| PB 0x00000000e0300000| Complete |  0
|   4|0x00000000e0400000, 0x00000000e0500000, 0x00000000e0500000|100%| O|  |TAMS 0x00000000e0400000| PB 0x00000000e0400000| Untracked |  0
|   5|0x00000000e0500000, 0x00000000e0600000, 0x00000000e0600000|100%| O|  |TAMS 0x00000000e0500000| PB 0x00000000e0500000| Untracked |  0
|   6|0x00000000e0600000, 0x00000000e0700000, 0x00000000e0700000|100%| O|  |TAMS 0x00000000e0600000| PB 0x00000000e0600000| Untracked |  0
|   7|0x00000000e0700000, 0x00000000e0800000, 0x00000000e0800000|100%|HS|  |TAMS 0x00000000e0700000| PB 0x00000000e0700000| Complete |  0
|   8|0x00000000e0800000, 0x00000000e0900000, 0x00000000e0900000|100%| O|  |TAMS 0x00000000e0800000| PB 0x00000000e0800000| Untracked |  0
|   9|0x00000000e0900000, 0x00000000e0a00000, 0x00000000e0a00000|100%| O|  |TAMS 0x00000000e0900000| PB 0x00000000e0900000| Untracked |  0
|  10|0x00000000e0a00000, 0x00000000e0b00000, 0x00000000e0b00000|100%| O|  |TAMS 0x00000000e0a00000| PB 0x00000000e0a00000| Untracked |  0
|  11|0x00000000e0b00000, 0x00000000e0c00000, 0x00000000e0c00000|100%| O|  |TAMS 0x00000000e0b00000| PB 0x00000000e0b00000| Untracked |  0
|  12|0x00000000e0c00000, 0x00000000e0d00000, 0x00000000e0d00000|100%| O|  |TAMS 0x00000000e0c00000| PB 0x00000000e0c00000| Untracked |  0
|  13|0x00000000e0d00000, 0x00000000e0e00000, 0x00000000e0e00000|100%| O|  |TAMS 0x00000000e0d00000| PB 0x00000000e0d00000| Untracked |  0
|  14|0x00000000e0e00000, 0x00000000e0f00000, 0x00000000e0f00000|100%| O|  |TAMS 0x00000000e0e00000| PB 0x00000000e0e00000| Untracked |  0
|  15|0x00000000e0f00000, 0x00000000e1000000, 0x00000000e1000000|100%| O|  |TAMS 0x00000000e0f00000| PB 0x00000000e0f00000| Untracked |  0
|  16|0x00000000e1000000, 0x00000000e1100000, 0x00000000e1100000|100%| O|  |TAMS 0x00000000e1000000| PB 0x00000000e1000000| Untracked |  0
|  17|0x00000000e1100000, 0x00000000e1200000, 0x00000000e1200000|100%| O|  |TAMS 0x00000000e1100000| PB 0x00000000e1100000| Untracked |  0
|  18|0x00000000e1200000, 0x00000000e1300000, 0x00000000e1300000|100%| O|  |TAMS 0x00000000e1200000| PB 0x00000000e1200000| Untracked |  0
|  19|0x00000000e1300000, 0x00000000e1400000, 0x00000000e1400000|100%| O|  |TAMS 0x00000000e1300000| PB 0x00000000e1300000| Untracked |  0
|  20|0x00000000e1400000, 0x00000000e1500000, 0x00000000e1500000|100%| O|  |TAMS 0x00000000e1400000| PB 0x00000000e1400000| Untracked |  0
|  21|0x00000000e1500000, 0x00000000e1600000, 0x00000000e1600000|100%| O|  |TAMS 0x00000000e1500000| PB 0x00000000e1500000| Untracked |  0
|  22|0x00000000e1600000, 0x00000000e1700000, 0x00000000e1700000|100%| O|  |TAMS 0x00000000e1600000| PB 0x00000000e1600000| Untracked |  0
|  23|0x00000000e1700000, 0x00000000e1800000, 0x00000000e1800000|100%| O|  |TAMS 0x00000000e1700000| PB 0x00000000e1700000| Untracked |  0
|  24|0x00000000e1800000, 0x00000000e1900000, 0x00000000e1900000|100%| O|  |TAMS 0x00000000e1800000| PB 0x00000000e1800000| Untracked |  0
|  25|0x00000000e1900000, 0x00000000e1a00000, 0x00000000e1a00000|100%|HS|  |TAMS 0x00000000e1900000| PB 0x00000000e1900000| Complete |  0
|  26|0x00000000e1a00000, 0x00000000e1b00000, 0x00000000e1b00000|100%|HC|  |TAMS 0x00000000e1a00000| PB 0x00000000e1a00000| Complete |  0
|  27|0x00000000e1b00000, 0x00000000e1c00000, 0x00000000e1c00000|100%| O|  |TAMS 0x00000000e1b00000| PB 0x00000000e1b00000| Untracked |  0
|  28|0x00000000e1c00000, 0x00000000e1d00000, 0x00000000e1d00000|100%| O|  |TAMS 0x00000000e1c00000| PB 0x00000000e1c00000| Untracked |  0
|  29|0x00000000e1d00000, 0x00000000e1e00000, 0x00000000e1e00000|100%| O|  |TAMS 0x00000000e1d00000| PB 0x00000000e1d00000| Untracked |  0
|  30|0x00000000e1e00000, 0x00000000e1f00000, 0x00000000e1f00000|100%| O|  |TAMS 0x00000000e1e00000| PB 0x00000000e1e00000| Untracked |  0
|  31|0x00000000e1f00000, 0x00000000e2000000, 0x00000000e2000000|100%| O|  |TAMS 0x00000000e1f00000| PB 0x00000000e1f00000| Untracked |  0
|  32|0x00000000e2000000, 0x00000000e2100000, 0x00000000e2100000|100%| O|  |TAMS 0x00000000e2000000| PB 0x00000000e2000000| Untracked |  0
|  33|0x00000000e2100000, 0x00000000e2200000, 0x00000000e2200000|100%| O|  |TAMS 0x00000000e2100000| PB 0x00000000e2100000| Untracked |  0
|  34|0x00000000e2200000, 0x00000000e2300000, 0x00000000e2300000|100%| O|  |TAMS 0x00000000e2200000| PB 0x00000000e2200000| Untracked |  0
|  35|0x00000000e2300000, 0x00000000e2400000, 0x00000000e2400000|100%| O|  |TAMS 0x00000000e2300000| PB 0x00000000e2300000| Untracked |  0
|  36|0x00000000e2400000, 0x00000000e2500000, 0x00000000e2500000|100%| O|  |TAMS 0x00000000e2400000| PB 0x00000000e2400000| Untracked |  0
|  37|0x00000000e2500000, 0x00000000e2600000, 0x00000000e2600000|100%| O|  |TAMS 0x00000000e2500000| PB 0x00000000e2500000| Untracked |  0
|  38|0x00000000e2600000, 0x00000000e2700000, 0x00000000e2700000|100%| O|  |TAMS 0x00000000e2600000| PB 0x00000000e2600000| Untracked |  0
|  39|0x00000000e2700000, 0x00000000e2800000, 0x00000000e2800000|100%| O|  |TAMS 0x00000000e2700000| PB 0x00000000e2700000| Untracked |  0
|  40|0x00000000e2800000, 0x00000000e2900000, 0x00000000e2900000|100%| O|  |TAMS 0x00000000e2800000| PB 0x00000000e2800000| Untracked |  0
|  41|0x00000000e2900000, 0x00000000e2a00000, 0x00000000e2a00000|100%| O|  |TAMS 0x00000000e2900000| PB 0x00000000e2900000| Untracked |  0
|  42|0x00000000e2a00000, 0x00000000e2b00000, 0x00000000e2b00000|100%| O|  |TAMS 0x00000000e2a00000| PB 0x00000000e2a00000| Untracked |  0
|  43|0x00000000e2b00000, 0x00000000e2c00000, 0x00000000e2c00000|100%| O|  |TAMS 0x00000000e2b00000| PB 0x00000000e2b00000| Untracked |  0
|  44|0x00000000e2c00000, 0x00000000e2d00000, 0x00000000e2d00000|100%| O|  |TAMS 0x00000000e2c00000| PB 0x00000000e2c00000| Untracked |  0
|  45|0x00000000e2d00000, 0x00000000e2e00000, 0x00000000e2e00000|100%| O|  |TAMS 0x00000000e2d00000| PB 0x00000000e2d00000| Untracked |  0
|  46|0x00000000e2e00000, 0x00000000e2f00000, 0x00000000e2f00000|100%| O|  |TAMS 0x00000000e2e00000| PB 0x00000000e2e00000| Untracked |  0
|  47|0x00000000e2f00000, 0x00000000e3000000, 0x00000000e3000000|100%| O|  |TAMS 0x00000000e2f00000| PB 0x00000000e2f00000| Untracked |  0
|  48|0x00000000e3000000, 0x00000000e3100000, 0x00000000e3100000|100%| O|  |TAMS 0x00000000e3000000| PB 0x00000000e3000000| Untracked |  0
|  49|0x00000000e3100000, 0x00000000e3200000, 0x00000000e3200000|100%|HS|  |TAMS 0x00000000e3100000| PB 0x00000000e3100000| Complete |  0
|  50|0x00000000e3200000, 0x00000000e3300000, 0x00000000e3300000|100%| O|  |TAMS 0x00000000e3200000| PB 0x00000000e3200000| Untracked |  0
|  51|0x00000000e3300000, 0x00000000e3400000, 0x00000000e3400000|100%| O|  |TAMS 0x00000000e3300000| PB 0x00000000e3300000| Untracked |  0
|  52|0x00000000e3400000, 0x00000000e3500000, 0x00000000e3500000|100%| O|  |TAMS 0x00000000e3400000| PB 0x00000000e3400000| Untracked |  0
|  53|0x00000000e3500000, 0x00000000e3600000, 0x00000000e3600000|100%| O|  |TAMS 0x00000000e3500000| PB 0x00000000e3500000| Untracked |  0
|  54|0x00000000e3600000, 0x00000000e3700000, 0x00000000e3700000|100%| O|  |TAMS 0x00000000e3600000| PB 0x00000000e3600000| Untracked |  0
|  55|0x00000000e3700000, 0x00000000e3800000, 0x00000000e3800000|100%| O|  |TAMS 0x00000000e3700000| PB 0x00000000e3700000| Untracked |  0
|  56|0x00000000e3800000, 0x00000000e3900000, 0x00000000e3900000|100%| O|  |TAMS 0x00000000e3800000| PB 0x00000000e3800000| Untracked |  0
|  57|0x00000000e3900000, 0x00000000e3a00000, 0x00000000e3a00000|100%| O|  |TAMS 0x00000000e3900000| PB 0x00000000e3900000| Untracked |  0
|  58|0x00000000e3a00000, 0x00000000e3b00000, 0x00000000e3b00000|100%| O|  |TAMS 0x00000000e3a00000| PB 0x00000000e3a00000| Untracked |  0
|  59|0x00000000e3b00000, 0x00000000e3c00000, 0x00000000e3c00000|100%| O|  |TAMS 0x00000000e3b00000| PB 0x00000000e3b00000| Untracked |  0
|  60|0x00000000e3c00000, 0x00000000e3d00000, 0x00000000e3d00000|100%| O|  |TAMS 0x00000000e3c00000| PB 0x00000000e3c00000| Untracked |  0
|  61|0x00000000e3d00000, 0x00000000e3e00000, 0x00000000e3e00000|100%| O|  |TAMS 0x00000000e3d00000| PB 0x00000000e3d00000| Untracked |  0
|  62|0x00000000e3e00000, 0x00000000e3e00000, 0x00000000e3f00000|  0%| F|  |TAMS 0x00000000e3e00000| PB 0x00000000e3e00000| Untracked |  0
|  63|0x00000000e3f00000, 0x00000000e4000000, 0x00000000e4000000|100%| O|  |TAMS 0x00000000e3f00000| PB 0x00000000e3f00000| Untracked |  0
|  64|0x00000000e4000000, 0x00000000e4100000, 0x00000000e4100000|100%| O|  |TAMS 0x00000000e4000000| PB 0x00000000e4000000| Untracked |  0
|  65|0x00000000e4100000, 0x00000000e4200000, 0x00000000e4200000|100%| O|  |TAMS 0x00000000e4100000| PB 0x00000000e4100000| Untracked |  0
|  66|0x00000000e4200000, 0x00000000e4300000, 0x00000000e4300000|100%| O|  |TAMS 0x00000000e4200000| PB 0x00000000e4200000| Untracked |  0
|  67|0x00000000e4300000, 0x00000000e4400000, 0x00000000e4400000|100%| O|  |TAMS 0x00000000e4300000| PB 0x00000000e4300000| Untracked |  0
|  68|0x00000000e4400000, 0x00000000e4500000, 0x00000000e4500000|100%| O|  |TAMS 0x00000000e4400000| PB 0x00000000e4400000| Untracked |  0
|  69|0x00000000e4500000, 0x00000000e4600000, 0x00000000e4600000|100%| O|  |TAMS 0x00000000e4500000| PB 0x00000000e4500000| Untracked |  0
|  70|0x00000000e4600000, 0x00000000e4700000, 0x00000000e4700000|100%| O|  |TAMS 0x00000000e4600000| PB 0x00000000e4600000| Untracked |  0
|  71|0x00000000e4700000, 0x00000000e4800000, 0x00000000e4800000|100%| O|Cm|TAMS 0x00000000e4700000| PB 0x00000000e4700000| Complete |  0
|  72|0x00000000e4800000, 0x00000000e4900000, 0x00000000e4900000|100%| O|  |TAMS 0x00000000e4800000| PB 0x00000000e4800000| Untracked |  0
|  73|0x00000000e4900000, 0x00000000e4a00000, 0x00000000e4a00000|100%| O|  |TAMS 0x00000000e4900000| PB 0x00000000e4900000| Untracked |  0
|  74|0x00000000e4a00000, 0x00000000e4b00000, 0x00000000e4b00000|100%| O|  |TAMS 0x00000000e4a00000| PB 0x00000000e4a00000| Untracked |  0
|  75|0x00000000e4b00000, 0x00000000e4c00000, 0x00000000e4c00000|100%| O|  |TAMS 0x00000000e4b00000| PB 0x00000000e4b00000| Untracked |  0
|  76|0x00000000e4c00000, 0x00000000e4d00000, 0x00000000e4d00000|100%| O|  |TAMS 0x00000000e4c00000| PB 0x00000000e4c00000| Untracked |  0
|  77|0x00000000e4d00000, 0x00000000e4e00000, 0x00000000e4e00000|100%| O|  |TAMS 0x00000000e4d00000| PB 0x00000000e4d00000| Untracked |  0
|  78|0x00000000e4e00000, 0x00000000e4f00000, 0x00000000e4f00000|100%| O|  |TAMS 0x00000000e4e00000| PB 0x00000000e4e00000| Untracked |  0
|  79|0x00000000e4f00000, 0x00000000e5000000, 0x00000000e5000000|100%| O|  |TAMS 0x00000000e4f00000| PB 0x00000000e4f00000| Untracked |  0
|  80|0x00000000e5000000, 0x00000000e5100000, 0x00000000e5100000|100%| O|  |TAMS 0x00000000e5000000| PB 0x00000000e5000000| Untracked |  0
|  81|0x00000000e5100000, 0x00000000e5200000, 0x00000000e5200000|100%| O|  |TAMS 0x00000000e5100000| PB 0x00000000e5100000| Untracked |  0
|  82|0x00000000e5200000, 0x00000000e5300000, 0x00000000e5300000|100%| O|  |TAMS 0x00000000e5200000| PB 0x00000000e5200000| Untracked |  0
|  83|0x00000000e5300000, 0x00000000e5400000, 0x00000000e5400000|100%| O|  |TAMS 0x00000000e5300000| PB 0x00000000e5300000| Untracked |  0
|  84|0x00000000e5400000, 0x00000000e5500000, 0x00000000e5500000|100%| O|  |TAMS 0x00000000e5400000| PB 0x00000000e5400000| Untracked |  0
|  85|0x00000000e5500000, 0x00000000e5600000, 0x00000000e5600000|100%| O|  |TAMS 0x00000000e5500000| PB 0x00000000e5500000| Untracked |  0
|  86|0x00000000e5600000, 0x00000000e56949d0, 0x00000000e5700000| 58%| O|  |TAMS 0x00000000e5600000| PB 0x00000000e5600000| Untracked |  0
|  87|0x00000000e5700000, 0x00000000e5800000, 0x00000000e5800000|100%| O|  |TAMS 0x00000000e5700000| PB 0x00000000e5700000| Untracked |  0
|  88|0x00000000e5800000, 0x00000000e5900000, 0x00000000e5900000|100%| O|Cm|TAMS 0x00000000e5800000| PB 0x00000000e5800000| Complete |  0
|  89|0x00000000e5900000, 0x00000000e5900000, 0x00000000e5a00000|  0%| F|  |TAMS 0x00000000e5900000| PB 0x00000000e5900000| Untracked |  0
|  90|0x00000000e5a00000, 0x00000000e5a00000, 0x00000000e5b00000|  0%| F|  |TAMS 0x00000000e5a00000| PB 0x00000000e5a00000| Untracked |  0
|  91|0x00000000e5b00000, 0x00000000e5b00000, 0x00000000e5c00000|  0%| F|  |TAMS 0x00000000e5b00000| PB 0x00000000e5b00000| Untracked |  0
|  92|0x00000000e5c00000, 0x00000000e5c00000, 0x00000000e5d00000|  0%| F|  |TAMS 0x00000000e5c00000| PB 0x00000000e5c00000| Untracked |  0
|  93|0x00000000e5d00000, 0x00000000e5d00000, 0x00000000e5e00000|  0%| F|  |TAMS 0x00000000e5d00000| PB 0x00000000e5d00000| Untracked |  0
|  94|0x00000000e5e00000, 0x00000000e5e00000, 0x00000000e5f00000|  0%| F|  |TAMS 0x00000000e5e00000| PB 0x00000000e5e00000| Untracked |  0
|  95|0x00000000e5f00000, 0x00000000e5f00000, 0x00000000e6000000|  0%| F|  |TAMS 0x00000000e5f00000| PB 0x00000000e5f00000| Untracked |  0
|  96|0x00000000e6000000, 0x00000000e6000000, 0x00000000e6100000|  0%| F|  |TAMS 0x00000000e6000000| PB 0x00000000e6000000| Untracked |  0
|  97|0x00000000e6100000, 0x00000000e6100000, 0x00000000e6200000|  0%| F|  |TAMS 0x00000000e6100000| PB 0x00000000e6100000| Untracked |  0
|  98|0x00000000e6200000, 0x00000000e6300000, 0x00000000e6300000|100%| S|CS|TAMS 0x00000000e6200000| PB 0x00000000e6200000| Complete |  0
|  99|0x00000000e6300000, 0x00000000e6300000, 0x00000000e6400000|  0%| F|  |TAMS 0x00000000e6300000| PB 0x00000000e6300000| Untracked |  0
| 100|0x00000000e6400000, 0x00000000e6400000, 0x00000000e6500000|  0%| F|  |TAMS 0x00000000e6400000| PB 0x00000000e6400000| Untracked |  0
| 101|0x00000000e6500000, 0x00000000e6500000, 0x00000000e6600000|  0%| F|  |TAMS 0x00000000e6500000| PB 0x00000000e6500000| Untracked |  0
| 102|0x00000000e6600000, 0x00000000e6600000, 0x00000000e6700000|  0%| F|  |TAMS 0x00000000e6600000| PB 0x00000000e6600000| Untracked |  0
| 103|0x00000000e6700000, 0x00000000e6700000, 0x00000000e6800000|  0%| F|  |TAMS 0x00000000e6700000| PB 0x00000000e6700000| Untracked |  0
| 104|0x00000000e6800000, 0x00000000e6800000, 0x00000000e6900000|  0%| F|  |TAMS 0x00000000e6800000| PB 0x00000000e6800000| Untracked |  0
| 105|0x00000000e6900000, 0x00000000e6900000, 0x00000000e6a00000|  0%| F|  |TAMS 0x00000000e6900000| PB 0x00000000e6900000| Untracked |  0
| 106|0x00000000e6a00000, 0x00000000e6a00000, 0x00000000e6b00000|  0%| F|  |TAMS 0x00000000e6a00000| PB 0x00000000e6a00000| Untracked |  0
| 107|0x00000000e6b00000, 0x00000000e6c00000, 0x00000000e6c00000|100%| S|CS|TAMS 0x00000000e6b00000| PB 0x00000000e6b00000| Complete |  0
| 108|0x00000000e6c00000, 0x00000000e6d00000, 0x00000000e6d00000|100%| S|CS|TAMS 0x00000000e6c00000| PB 0x00000000e6c00000| Complete |  0
| 109|0x00000000e6d00000, 0x00000000e6e00000, 0x00000000e6e00000|100%| S|CS|TAMS 0x00000000e6d00000| PB 0x00000000e6d00000| Complete |  0
| 110|0x00000000e6e00000, 0x00000000e6f00000, 0x00000000e6f00000|100%| S|CS|TAMS 0x00000000e6e00000| PB 0x00000000e6e00000| Complete |  0
| 111|0x00000000e6f00000, 0x00000000e7000000, 0x00000000e7000000|100%| S|CS|TAMS 0x00000000e6f00000| PB 0x00000000e6f00000| Complete |  0
| 112|0x00000000e7000000, 0x00000000e7100000, 0x00000000e7100000|100%| S|CS|TAMS 0x00000000e7000000| PB 0x00000000e7000000| Complete |  0
| 113|0x00000000e7100000, 0x00000000e7200000, 0x00000000e7200000|100%| S|CS|TAMS 0x00000000e7100000| PB 0x00000000e7100000| Complete |  0
| 114|0x00000000e7200000, 0x00000000e7300000, 0x00000000e7300000|100%| S|CS|TAMS 0x00000000e7200000| PB 0x00000000e7200000| Complete |  0
| 115|0x00000000e7300000, 0x00000000e7400000, 0x00000000e7400000|100%| S|CS|TAMS 0x00000000e7300000| PB 0x00000000e7300000| Complete |  0
| 116|0x00000000e7400000, 0x00000000e7500000, 0x00000000e7500000|100%| S|CS|TAMS 0x00000000e7400000| PB 0x00000000e7400000| Complete |  0
| 117|0x00000000e7500000, 0x00000000e7500000, 0x00000000e7600000|  0%| F|  |TAMS 0x00000000e7500000| PB 0x00000000e7500000| Untracked |  0
| 118|0x00000000e7600000, 0x00000000e7600000, 0x00000000e7700000|  0%| F|  |TAMS 0x00000000e7600000| PB 0x00000000e7600000| Untracked |  0
| 119|0x00000000e7700000, 0x00000000e7700000, 0x00000000e7800000|  0%| F|  |TAMS 0x00000000e7700000| PB 0x00000000e7700000| Untracked |  0
| 120|0x00000000e7800000, 0x00000000e7800000, 0x00000000e7900000|  0%| F|  |TAMS 0x00000000e7800000| PB 0x00000000e7800000| Untracked |  0
| 121|0x00000000e7900000, 0x00000000e7900000, 0x00000000e7a00000|  0%| F|  |TAMS 0x00000000e7900000| PB 0x00000000e7900000| Untracked |  0
| 122|0x00000000e7a00000, 0x00000000e7a00000, 0x00000000e7b00000|  0%| F|  |TAMS 0x00000000e7a00000| PB 0x00000000e7a00000| Untracked |  0
| 123|0x00000000e7b00000, 0x00000000e7b00000, 0x00000000e7c00000|  0%| F|  |TAMS 0x00000000e7b00000| PB 0x00000000e7b00000| Untracked |  0
| 124|0x00000000e7c00000, 0x00000000e7c00000, 0x00000000e7d00000|  0%| F|  |TAMS 0x00000000e7c00000| PB 0x00000000e7c00000| Untracked |  0
| 125|0x00000000e7d00000, 0x00000000e7d00000, 0x00000000e7e00000|  0%| F|  |TAMS 0x00000000e7d00000| PB 0x00000000e7d00000| Untracked |  0
| 126|0x00000000e7e00000, 0x00000000e7e00000, 0x00000000e7f00000|  0%| F|  |TAMS 0x00000000e7e00000| PB 0x00000000e7e00000| Untracked |  0
| 127|0x00000000e7f00000, 0x00000000e7f00000, 0x00000000e8000000|  0%| F|  |TAMS 0x00000000e7f00000| PB 0x00000000e7f00000| Untracked |  0
| 128|0x00000000e8000000, 0x00000000e8000000, 0x00000000e8100000|  0%| F|  |TAMS 0x00000000e8000000| PB 0x00000000e8000000| Untracked |  0
| 129|0x00000000e8100000, 0x00000000e8100000, 0x00000000e8200000|  0%| F|  |TAMS 0x00000000e8100000| PB 0x00000000e8100000| Untracked |  0
| 130|0x00000000e8200000, 0x00000000e8200000, 0x00000000e8300000|  0%| F|  |TAMS 0x00000000e8200000| PB 0x00000000e8200000| Untracked |  0
| 131|0x00000000e8300000, 0x00000000e8300000, 0x00000000e8400000|  0%| F|  |TAMS 0x00000000e8300000| PB 0x00000000e8300000| Untracked |  0
| 132|0x00000000e8400000, 0x00000000e8400000, 0x00000000e8500000|  0%| F|  |TAMS 0x00000000e8400000| PB 0x00000000e8400000| Untracked |  0
| 133|0x00000000e8500000, 0x00000000e8500000, 0x00000000e8600000|  0%| F|  |TAMS 0x00000000e8500000| PB 0x00000000e8500000| Untracked |  0
| 134|0x00000000e8600000, 0x00000000e8600000, 0x00000000e8700000|  0%| F|  |TAMS 0x00000000e8600000| PB 0x00000000e8600000| Untracked |  0
| 135|0x00000000e8700000, 0x00000000e8700000, 0x00000000e8800000|  0%| F|  |TAMS 0x00000000e8700000| PB 0x00000000e8700000| Untracked |  0
| 136|0x00000000e8800000, 0x00000000e8800000, 0x00000000e8900000|  0%| F|  |TAMS 0x00000000e8800000| PB 0x00000000e8800000| Untracked |  0
| 137|0x00000000e8900000, 0x00000000e8900000, 0x00000000e8a00000|  0%| F|  |TAMS 0x00000000e8900000| PB 0x00000000e8900000| Untracked |  0
| 138|0x00000000e8a00000, 0x00000000e8a00000, 0x00000000e8b00000|  0%| F|  |TAMS 0x00000000e8a00000| PB 0x00000000e8a00000| Untracked |  0
| 139|0x00000000e8b00000, 0x00000000e8b00000, 0x00000000e8c00000|  0%| F|  |TAMS 0x00000000e8b00000| PB 0x00000000e8b00000| Untracked |  0
| 140|0x00000000e8c00000, 0x00000000e8c00000, 0x00000000e8d00000|  0%| F|  |TAMS 0x00000000e8c00000| PB 0x00000000e8c00000| Untracked |  0
| 141|0x00000000e8d00000, 0x00000000e8d00000, 0x00000000e8e00000|  0%| F|  |TAMS 0x00000000e8d00000| PB 0x00000000e8d00000| Untracked |  0
| 142|0x00000000e8e00000, 0x00000000e8e00000, 0x00000000e8f00000|  0%| F|  |TAMS 0x00000000e8e00000| PB 0x00000000e8e00000| Untracked |  0
| 143|0x00000000e8f00000, 0x00000000e8f00000, 0x00000000e9000000|  0%| F|  |TAMS 0x00000000e8f00000| PB 0x00000000e8f00000| Untracked |  0
| 144|0x00000000e9000000, 0x00000000e9000000, 0x00000000e9100000|  0%| F|  |TAMS 0x00000000e9000000| PB 0x00000000e9000000| Untracked |  0
| 145|0x00000000e9100000, 0x00000000e9100000, 0x00000000e9200000|  0%| F|  |TAMS 0x00000000e9100000| PB 0x00000000e9100000| Untracked |  0
| 146|0x00000000e9200000, 0x00000000e9200000, 0x00000000e9300000|  0%| F|  |TAMS 0x00000000e9200000| PB 0x00000000e9200000| Untracked |  0
| 147|0x00000000e9300000, 0x00000000e9300000, 0x00000000e9400000|  0%| F|  |TAMS 0x00000000e9300000| PB 0x00000000e9300000| Untracked |  0
| 148|0x00000000e9400000, 0x00000000e9400000, 0x00000000e9500000|  0%| F|  |TAMS 0x00000000e9400000| PB 0x00000000e9400000| Untracked |  0
| 149|0x00000000e9500000, 0x00000000e9500000, 0x00000000e9600000|  0%| F|  |TAMS 0x00000000e9500000| PB 0x00000000e9500000| Untracked |  0
| 150|0x00000000e9600000, 0x00000000e9600000, 0x00000000e9700000|  0%| F|  |TAMS 0x00000000e9600000| PB 0x00000000e9600000| Untracked |  0
| 151|0x00000000e9700000, 0x00000000e9799138, 0x00000000e9800000| 59%| E|  |TAMS 0x00000000e9700000| PB 0x00000000e9700000| Complete |  0
| 152|0x00000000e9800000, 0x00000000e9900000, 0x00000000e9900000|100%| E|CS|TAMS 0x00000000e9800000| PB 0x00000000e9800000| Complete |  0
| 153|0x00000000e9900000, 0x00000000e9a00000, 0x00000000e9a00000|100%| E|CS|TAMS 0x00000000e9900000| PB 0x00000000e9900000| Complete |  0
| 154|0x00000000e9a00000, 0x00000000e9b00000, 0x00000000e9b00000|100%| E|CS|TAMS 0x00000000e9a00000| PB 0x00000000e9a00000| Complete |  0
| 155|0x00000000e9b00000, 0x00000000e9c00000, 0x00000000e9c00000|100%| E|CS|TAMS 0x00000000e9b00000| PB 0x00000000e9b00000| Complete |  0
| 156|0x00000000e9c00000, 0x00000000e9d00000, 0x00000000e9d00000|100%| E|CS|TAMS 0x00000000e9c00000| PB 0x00000000e9c00000| Complete |  0
| 157|0x00000000e9d00000, 0x00000000e9e00000, 0x00000000e9e00000|100%| E|CS|TAMS 0x00000000e9d00000| PB 0x00000000e9d00000| Complete |  0
| 158|0x00000000e9e00000, 0x00000000e9f00000, 0x00000000e9f00000|100%| E|CS|TAMS 0x00000000e9e00000| PB 0x00000000e9e00000| Complete |  0
| 159|0x00000000e9f00000, 0x00000000ea000000, 0x00000000ea000000|100%| E|CS|TAMS 0x00000000e9f00000| PB 0x00000000e9f00000| Complete |  0
| 160|0x00000000ea000000, 0x00000000ea100000, 0x00000000ea100000|100%| E|CS|TAMS 0x00000000ea000000| PB 0x00000000ea000000| Complete |  0
| 161|0x00000000ea100000, 0x00000000ea200000, 0x00000000ea200000|100%| E|CS|TAMS 0x00000000ea100000| PB 0x00000000ea100000| Complete |  0
| 162|0x00000000ea200000, 0x00000000ea300000, 0x00000000ea300000|100%| E|CS|TAMS 0x00000000ea200000| PB 0x00000000ea200000| Complete |  0
| 163|0x00000000ea300000, 0x00000000ea400000, 0x00000000ea400000|100%| E|CS|TAMS 0x00000000ea300000| PB 0x00000000ea300000| Complete |  0
| 164|0x00000000ea400000, 0x00000000ea500000, 0x00000000ea500000|100%| E|CS|TAMS 0x00000000ea400000| PB 0x00000000ea400000| Complete |  1
| 165|0x00000000ea500000, 0x00000000ea600000, 0x00000000ea600000|100%| E|CS|TAMS 0x00000000ea500000| PB 0x00000000ea500000| Complete |  0
| 166|0x00000000ea600000, 0x00000000ea700000, 0x00000000ea700000|100%| E|CS|TAMS 0x00000000ea600000| PB 0x00000000ea600000| Complete |  0
| 167|0x00000000ea700000, 0x00000000ea800000, 0x00000000ea800000|100%| E|CS|TAMS 0x00000000ea700000| PB 0x00000000ea700000| Complete |  0
| 168|0x00000000ea800000, 0x00000000ea900000, 0x00000000ea900000|100%| E|CS|TAMS 0x00000000ea800000| PB 0x00000000ea800000| Complete |  0
| 169|0x00000000ea900000, 0x00000000eaa00000, 0x00000000eaa00000|100%| E|CS|TAMS 0x00000000ea900000| PB 0x00000000ea900000| Complete |  0
| 170|0x00000000eaa00000, 0x00000000eab00000, 0x00000000eab00000|100%| E|CS|TAMS 0x00000000eaa00000| PB 0x00000000eaa00000| Complete |  0
| 171|0x00000000eab00000, 0x00000000eac00000, 0x00000000eac00000|100%| E|CS|TAMS 0x00000000eab00000| PB 0x00000000eab00000| Complete |  0
| 172|0x00000000eac00000, 0x00000000ead00000, 0x00000000ead00000|100%| E|CS|TAMS 0x00000000eac00000| PB 0x00000000eac00000| Complete |  0
| 173|0x00000000ead00000, 0x00000000eae00000, 0x00000000eae00000|100%| E|CS|TAMS 0x00000000ead00000| PB 0x00000000ead00000| Complete |  0
| 174|0x00000000eae00000, 0x00000000eaf00000, 0x00000000eaf00000|100%| E|CS|TAMS 0x00000000eae00000| PB 0x00000000eae00000| Complete |  0
| 175|0x00000000eaf00000, 0x00000000eb000000, 0x00000000eb000000|100%| E|CS|TAMS 0x00000000eaf00000| PB 0x00000000eaf00000| Complete |  0
| 176|0x00000000eb000000, 0x00000000eb100000, 0x00000000eb100000|100%| E|CS|TAMS 0x00000000eb000000| PB 0x00000000eb000000| Complete |  0
| 177|0x00000000eb100000, 0x00000000eb200000, 0x00000000eb200000|100%| E|CS|TAMS 0x00000000eb100000| PB 0x00000000eb100000| Complete |  0
| 178|0x00000000eb200000, 0x00000000eb300000, 0x00000000eb300000|100%| E|CS|TAMS 0x00000000eb200000| PB 0x00000000eb200000| Complete |  0
| 179|0x00000000eb300000, 0x00000000eb400000, 0x00000000eb400000|100%| E|CS|TAMS 0x00000000eb300000| PB 0x00000000eb300000| Complete |  0
| 180|0x00000000eb400000, 0x00000000eb500000, 0x00000000eb500000|100%| E|CS|TAMS 0x00000000eb400000| PB 0x00000000eb400000| Complete |  0
| 181|0x00000000eb500000, 0x00000000eb600000, 0x00000000eb600000|100%| E|CS|TAMS 0x00000000eb500000| PB 0x00000000eb500000| Complete |  0
| 182|0x00000000eb600000, 0x00000000eb700000, 0x00000000eb700000|100%| E|CS|TAMS 0x00000000eb600000| PB 0x00000000eb600000| Complete |  0
| 183|0x00000000eb700000, 0x00000000eb800000, 0x00000000eb800000|100%| E|CS|TAMS 0x00000000eb700000| PB 0x00000000eb700000| Complete |  0
| 184|0x00000000eb800000, 0x00000000eb900000, 0x00000000eb900000|100%| E|CS|TAMS 0x00000000eb800000| PB 0x00000000eb800000| Complete |  0
| 185|0x00000000eb900000, 0x00000000eba00000, 0x00000000eba00000|100%| E|CS|TAMS 0x00000000eb900000| PB 0x00000000eb900000| Complete |  0
| 186|0x00000000eba00000, 0x00000000ebb00000, 0x00000000ebb00000|100%| E|CS|TAMS 0x00000000eba00000| PB 0x00000000eba00000| Complete |  0
| 187|0x00000000ebb00000, 0x00000000ebc00000, 0x00000000ebc00000|100%| E|CS|TAMS 0x00000000ebb00000| PB 0x00000000ebb00000| Complete |  0
| 188|0x00000000ebc00000, 0x00000000ebd00000, 0x00000000ebd00000|100%| E|CS|TAMS 0x00000000ebc00000| PB 0x00000000ebc00000| Complete |  0
| 189|0x00000000ebd00000, 0x00000000ebe00000, 0x00000000ebe00000|100%| E|CS|TAMS 0x00000000ebd00000| PB 0x00000000ebd00000| Complete |  0
| 190|0x00000000ebe00000, 0x00000000ebf00000, 0x00000000ebf00000|100%| E|CS|TAMS 0x00000000ebe00000| PB 0x00000000ebe00000| Complete |  0
| 191|0x00000000ebf00000, 0x00000000ec000000, 0x00000000ec000000|100%| E|CS|TAMS 0x00000000ebf00000| PB 0x00000000ebf00000| Complete |  0
| 192|0x00000000ec000000, 0x00000000ec100000, 0x00000000ec100000|100%| E|CS|TAMS 0x00000000ec000000| PB 0x00000000ec000000| Complete |  0
| 193|0x00000000ec100000, 0x00000000ec200000, 0x00000000ec200000|100%| E|CS|TAMS 0x00000000ec100000| PB 0x00000000ec100000| Complete |  0
| 194|0x00000000ec200000, 0x00000000ec300000, 0x00000000ec300000|100%| E|CS|TAMS 0x00000000ec200000| PB 0x00000000ec200000| Complete |  0
| 195|0x00000000ec300000, 0x00000000ec400000, 0x00000000ec400000|100%| E|CS|TAMS 0x00000000ec300000| PB 0x00000000ec300000| Complete |  0
| 196|0x00000000ec400000, 0x00000000ec500000, 0x00000000ec500000|100%| E|CS|TAMS 0x00000000ec400000| PB 0x00000000ec400000| Complete |  0
| 197|0x00000000ec500000, 0x00000000ec600000, 0x00000000ec600000|100%| E|CS|TAMS 0x00000000ec500000| PB 0x00000000ec500000| Complete |  0
| 198|0x00000000ec600000, 0x00000000ec700000, 0x00000000ec700000|100%| E|CS|TAMS 0x00000000ec600000| PB 0x00000000ec600000| Complete |  0
| 199|0x00000000ec700000, 0x00000000ec800000, 0x00000000ec800000|100%| E|CS|TAMS 0x00000000ec700000| PB 0x00000000ec700000| Complete |  0
| 200|0x00000000ec800000, 0x00000000ec900000, 0x00000000ec900000|100%| E|CS|TAMS 0x00000000ec800000| PB 0x00000000ec800000| Complete |  0
| 201|0x00000000ec900000, 0x00000000eca00000, 0x00000000eca00000|100%| E|CS|TAMS 0x00000000ec900000| PB 0x00000000ec900000| Complete |  0
| 202|0x00000000eca00000, 0x00000000ecb00000, 0x00000000ecb00000|100%| E|CS|TAMS 0x00000000eca00000| PB 0x00000000eca00000| Complete |  0
| 203|0x00000000ecb00000, 0x00000000ecc00000, 0x00000000ecc00000|100%| E|CS|TAMS 0x00000000ecb00000| PB 0x00000000ecb00000| Complete |  0
| 204|0x00000000ecc00000, 0x00000000ecd00000, 0x00000000ecd00000|100%| E|CS|TAMS 0x00000000ecc00000| PB 0x00000000ecc00000| Complete |  0
| 205|0x00000000ecd00000, 0x00000000ece00000, 0x00000000ece00000|100%| E|CS|TAMS 0x00000000ecd00000| PB 0x00000000ecd00000| Complete |  0
| 206|0x00000000ece00000, 0x00000000ecf00000, 0x00000000ecf00000|100%| E|CS|TAMS 0x00000000ece00000| PB 0x00000000ece00000| Complete |  0
| 207|0x00000000ecf00000, 0x00000000ed000000, 0x00000000ed000000|100%| E|CS|TAMS 0x00000000ecf00000| PB 0x00000000ecf00000| Complete |  0
| 208|0x00000000ed000000, 0x00000000ed100000, 0x00000000ed100000|100%| E|CS|TAMS 0x00000000ed000000| PB 0x00000000ed000000| Complete |  0
| 209|0x00000000ed100000, 0x00000000ed200000, 0x00000000ed200000|100%| E|CS|TAMS 0x00000000ed100000| PB 0x00000000ed100000| Complete |  0
| 210|0x00000000ed200000, 0x00000000ed300000, 0x00000000ed300000|100%| E|CS|TAMS 0x00000000ed200000| PB 0x00000000ed200000| Complete |  0
| 211|0x00000000ed300000, 0x00000000ed400000, 0x00000000ed400000|100%| E|CS|TAMS 0x00000000ed300000| PB 0x00000000ed300000| Complete |  0
| 212|0x00000000ed400000, 0x00000000ed500000, 0x00000000ed500000|100%| E|CS|TAMS 0x00000000ed400000| PB 0x00000000ed400000| Complete |  0
| 213|0x00000000ed500000, 0x00000000ed600000, 0x00000000ed600000|100%| E|CS|TAMS 0x00000000ed500000| PB 0x00000000ed500000| Complete |  0
| 214|0x00000000ed600000, 0x00000000ed700000, 0x00000000ed700000|100%| E|CS|TAMS 0x00000000ed600000| PB 0x00000000ed600000| Complete |  0
| 215|0x00000000ed700000, 0x00000000ed800000, 0x00000000ed800000|100%| E|CS|TAMS 0x00000000ed700000| PB 0x00000000ed700000| Complete |  0
| 216|0x00000000ed800000, 0x00000000ed900000, 0x00000000ed900000|100%| E|CS|TAMS 0x00000000ed800000| PB 0x00000000ed800000| Complete |  0
| 217|0x00000000ed900000, 0x00000000eda00000, 0x00000000eda00000|100%| E|CS|TAMS 0x00000000ed900000| PB 0x00000000ed900000| Complete |  0
| 218|0x00000000eda00000, 0x00000000edb00000, 0x00000000edb00000|100%| E|CS|TAMS 0x00000000eda00000| PB 0x00000000eda00000| Complete |  0
| 219|0x00000000edb00000, 0x00000000edc00000, 0x00000000edc00000|100%| E|CS|TAMS 0x00000000edb00000| PB 0x00000000edb00000| Complete |  0
| 220|0x00000000edc00000, 0x00000000edd00000, 0x00000000edd00000|100%| E|CS|TAMS 0x00000000edc00000| PB 0x00000000edc00000| Complete |  0
| 221|0x00000000edd00000, 0x00000000ede00000, 0x00000000ede00000|100%| E|CS|TAMS 0x00000000edd00000| PB 0x00000000edd00000| Complete |  0
| 222|0x00000000ede00000, 0x00000000edf00000, 0x00000000edf00000|100%| E|CS|TAMS 0x00000000ede00000| PB 0x00000000ede00000| Complete |  0
| 223|0x00000000edf00000, 0x00000000ee000000, 0x00000000ee000000|100%| E|CS|TAMS 0x00000000edf00000| PB 0x00000000edf00000| Complete |  0
| 224|0x00000000ee000000, 0x00000000ee100000, 0x00000000ee100000|100%| E|CS|TAMS 0x00000000ee000000| PB 0x00000000ee000000| Complete |  0
| 225|0x00000000ee100000, 0x00000000ee200000, 0x00000000ee200000|100%| E|CS|TAMS 0x00000000ee100000| PB 0x00000000ee100000| Complete |  0
| 226|0x00000000ee200000, 0x00000000ee300000, 0x00000000ee300000|100%| E|CS|TAMS 0x00000000ee200000| PB 0x00000000ee200000| Complete |  0
| 227|0x00000000ee300000, 0x00000000ee400000, 0x00000000ee400000|100%| E|CS|TAMS 0x00000000ee300000| PB 0x00000000ee300000| Complete |  0
| 228|0x00000000ee400000, 0x00000000ee500000, 0x00000000ee500000|100%| E|CS|TAMS 0x00000000ee400000| PB 0x00000000ee400000| Complete |  0
| 229|0x00000000ee500000, 0x00000000ee600000, 0x00000000ee600000|100%| E|CS|TAMS 0x00000000ee500000| PB 0x00000000ee500000| Complete |  0
| 230|0x00000000ee600000, 0x00000000ee700000, 0x00000000ee700000|100%| E|CS|TAMS 0x00000000ee600000| PB 0x00000000ee600000| Complete |  0
| 231|0x00000000ee700000, 0x00000000ee800000, 0x00000000ee800000|100%| E|CS|TAMS 0x00000000ee700000| PB 0x00000000ee700000| Complete |  0
| 232|0x00000000ee800000, 0x00000000ee900000, 0x00000000ee900000|100%| E|CS|TAMS 0x00000000ee800000| PB 0x00000000ee800000| Complete |  0
| 233|0x00000000ee900000, 0x00000000eea00000, 0x00000000eea00000|100%| E|CS|TAMS 0x00000000ee900000| PB 0x00000000ee900000| Complete |  0
| 234|0x00000000eea00000, 0x00000000eeb00000, 0x00000000eeb00000|100%| E|CS|TAMS 0x00000000eea00000| PB 0x00000000eea00000| Complete |  0
| 235|0x00000000eeb00000, 0x00000000eec00000, 0x00000000eec00000|100%| E|CS|TAMS 0x00000000eeb00000| PB 0x00000000eeb00000| Complete |  0
| 236|0x00000000eec00000, 0x00000000eed00000, 0x00000000eed00000|100%| E|CS|TAMS 0x00000000eec00000| PB 0x00000000eec00000| Complete |  0
| 237|0x00000000eed00000, 0x00000000eee00000, 0x00000000eee00000|100%| E|CS|TAMS 0x00000000eed00000| PB 0x00000000eed00000| Complete |  0
| 238|0x00000000eee00000, 0x00000000eef00000, 0x00000000eef00000|100%| E|CS|TAMS 0x00000000eee00000| PB 0x00000000eee00000| Complete |  0
| 239|0x00000000eef00000, 0x00000000ef000000, 0x00000000ef000000|100%| E|CS|TAMS 0x00000000eef00000| PB 0x00000000eef00000| Complete |  0
| 240|0x00000000ef000000, 0x00000000ef100000, 0x00000000ef100000|100%| E|CS|TAMS 0x00000000ef000000| PB 0x00000000ef000000| Complete |  0
| 241|0x00000000ef100000, 0x00000000ef200000, 0x00000000ef200000|100%| E|CS|TAMS 0x00000000ef100000| PB 0x00000000ef100000| Complete |  0
| 242|0x00000000ef200000, 0x00000000ef300000, 0x00000000ef300000|100%| E|CS|TAMS 0x00000000ef200000| PB 0x00000000ef200000| Complete |  0
| 243|0x00000000ef300000, 0x00000000ef400000, 0x00000000ef400000|100%| E|CS|TAMS 0x00000000ef300000| PB 0x00000000ef300000| Complete |  0
| 244|0x00000000ef400000, 0x00000000ef500000, 0x00000000ef500000|100%| E|CS|TAMS 0x00000000ef400000| PB 0x00000000ef400000| Complete |  0
| 245|0x00000000ef500000, 0x00000000ef600000, 0x00000000ef600000|100%| E|CS|TAMS 0x00000000ef500000| PB 0x00000000ef500000| Complete |  0
| 246|0x00000000ef600000, 0x00000000ef700000, 0x00000000ef700000|100%| E|CS|TAMS 0x00000000ef600000| PB 0x00000000ef600000| Complete |  0
| 247|0x00000000ef700000, 0x00000000ef800000, 0x00000000ef800000|100%| E|CS|TAMS 0x00000000ef700000| PB 0x00000000ef700000| Complete |  0
| 248|0x00000000ef800000, 0x00000000ef900000, 0x00000000ef900000|100%| E|CS|TAMS 0x00000000ef800000| PB 0x00000000ef800000| Complete |  0
| 249|0x00000000ef900000, 0x00000000efa00000, 0x00000000efa00000|100%| E|CS|TAMS 0x00000000ef900000| PB 0x00000000ef900000| Complete |  0
| 250|0x00000000efa00000, 0x00000000efb00000, 0x00000000efb00000|100%| E|CS|TAMS 0x00000000efa00000| PB 0x00000000efa00000| Complete |  0
| 251|0x00000000efb00000, 0x00000000efc00000, 0x00000000efc00000|100%| E|CS|TAMS 0x00000000efb00000| PB 0x00000000efb00000| Complete |  0
| 252|0x00000000efc00000, 0x00000000efd00000, 0x00000000efd00000|100%| E|CS|TAMS 0x00000000efc00000| PB 0x00000000efc00000| Complete |  0
| 253|0x00000000efd00000, 0x00000000efe00000, 0x00000000efe00000|100%| E|CS|TAMS 0x00000000efd00000| PB 0x00000000efd00000| Complete |  0
| 254|0x00000000efe00000, 0x00000000eff00000, 0x00000000eff00000|100%| E|CS|TAMS 0x00000000efe00000| PB 0x00000000efe00000| Complete |  0
| 255|0x00000000eff00000, 0x00000000f0000000, 0x00000000f0000000|100%| E|CS|TAMS 0x00000000eff00000| PB 0x00000000eff00000| Complete |  0

Card table byte_map: [0x0000021f68760000,0x0000021f68860000] _byte_map_base: 0x0000021f68060000

Marking Bits: (CMBitMap*) 0x0000021f50dda560
 Bits: [0x0000021f68860000, 0x0000021f69060000)

Polling page: 0x0000021f4ed10000

Metaspace:

Usage:
  Non-class:     69.53 MB used.
      Class:     11.19 MB used.
       Both:     80.72 MB used.

Virtual space:
  Non-class space:      128.00 MB reserved,      70.75 MB ( 55%) committed,  2 nodes.
      Class space:      320.00 MB reserved,      12.31 MB (  4%) committed,  1 nodes.
             Both:      448.00 MB reserved,      83.06 MB ( 19%) committed. 

Chunk freelists:
   Non-Class:  8.39 MB
       Class:  3.64 MB
        Both:  12.03 MB

MaxMetaspaceSize: 384.00 MB
CompressedClassSpaceSize: 320.00 MB
Initial GC threshold: 21.00 MB
Current GC threshold: 133.88 MB
CDS: on
 - commit_granule_bytes: 65536.
 - commit_granule_words: 8192.
 - virtual_space_node_default_size: 8388608.
 - enlarge_chunks_in_place: 1.
 - use_allocation_guard: 0.


Internal statistics:

num_allocs_failed_limit: 15.
num_arena_births: 4282.
num_arena_deaths: 28.
num_vsnodes_births: 3.
num_vsnodes_deaths: 0.
num_space_committed: 1329.
num_space_uncommitted: 0.
num_chunks_returned_to_freelist: 69.
num_chunks_taken_from_freelist: 7997.
num_chunk_merges: 18.
num_chunk_splits: 5139.
num_chunks_enlarged: 3167.
num_inconsistent_stats: 0.

CodeHeap 'non-profiled nmethods': size=120000Kb used=11942Kb max_used=11942Kb free=108057Kb
 bounds [0x0000021f60bd0000, 0x0000021f61780000, 0x0000021f68100000]
CodeHeap 'profiled nmethods': size=120000Kb used=29554Kb max_used=29554Kb free=90445Kb
 bounds [0x0000021f59100000, 0x0000021f5adf0000, 0x0000021f60630000]
CodeHeap 'non-nmethods': size=5760Kb used=2158Kb max_used=2239Kb free=3601Kb
 bounds [0x0000021f60630000, 0x0000021f608a0000, 0x0000021f60bd0000]
 total_blobs=16352 nmethods=15484 adapters=771
 compilation: enabled
              stopped_count=0, restarted_count=0
 full_count=0

Compilation events (20 events):
Event: 62.951 Thread 0x0000021f1917a970 nmethod 19364 0x0000021f5adc8210 code [0x0000021f5adc83c0, 0x0000021f5adc86c0]
Event: 62.951 Thread 0x0000021f1917a970 19365       3       org.gradle.internal.reflect.annotations.impl.AbstractHasAnnotationMetadata::isAnnotationPresent (9 bytes)
Event: 62.951 Thread 0x0000021f1917a970 nmethod 19365 0x0000021f5adc8810 code [0x0000021f5adc89c0, 0x0000021f5adc8b98]
Event: 63.964 Thread 0x0000021f1917a970 19366       3       com.google.common.collect.AbstractListMultimap::put (7 bytes)
Event: 63.980 Thread 0x0000021f1917a970 nmethod 19366 0x0000021f5a4e6590 code [0x0000021f5a4e6740, 0x0000021f5a4e6880]
Event: 63.980 Thread 0x0000021f1917a970 19368       3       com.google.common.collect.SingletonImmutableBiMap::containsKey (9 bytes)
Event: 63.980 Thread 0x0000021f1917a970 nmethod 19368 0x0000021f5adc8c90 code [0x0000021f5adc8e40, 0x0000021f5adc9018]
Event: 63.980 Thread 0x0000021f1917a970 19367       3       org.gradle.cache.internal.DefaultCrossBuildInMemoryCacheFactory$DefaultCrossBuildInMemoryCache::retainValue (20 bytes)
Event: 63.981 Thread 0x0000021f1917a970 nmethod 19367 0x0000021f5adc9110 code [0x0000021f5adc92e0, 0x0000021f5adc9798]
Event: 63.981 Thread 0x0000021f1917a970 19369       1       org.gradle.internal.graph.CachingDirectedGraphWalker$NodeDetails::access$700 (5 bytes)
Event: 63.981 Thread 0x0000021f1917a970 nmethod 19369 0x0000021f6176cd10 code [0x0000021f6176cea0, 0x0000021f6176cf50]
Event: 63.981 Thread 0x0000021f1917a970 19370       1       org.gradle.internal.graph.CachingDirectedGraphWalker$NodeDetails::access$000 (5 bytes)
Event: 63.981 Thread 0x0000021f1917a970 nmethod 19370 0x0000021f6176d010 code [0x0000021f6176d1a0, 0x0000021f6176d250]
Event: 63.981 Thread 0x0000021f1917a970 19371       1       org.gradle.internal.graph.CachingDirectedGraphWalker$NodeDetails::access$100 (5 bytes)
Event: 63.981 Thread 0x0000021f1917a970 nmethod 19371 0x0000021f6176d310 code [0x0000021f6176d4a0, 0x0000021f6176d550]
Event: 63.981 Thread 0x0000021f1917a970 19372       1       org.gradle.internal.graph.CachingDirectedGraphWalker$NodeDetails::access$600 (5 bytes)
Event: 63.981 Thread 0x0000021f1917a970 nmethod 19372 0x0000021f6176d610 code [0x0000021f6176d7a0, 0x0000021f6176d850]
Event: 63.982 Thread 0x0000021f1917a970 19373       3       java.lang.invoke.MethodHandleNatives::getCharType (8 bytes)
Event: 63.982 Thread 0x0000021f1917a970 nmethod 19373 0x0000021f5adc9990 code [0x0000021f5adc9b40, 0x0000021f5adc9c80]
Event: 64.562 Thread 0x0000021f1917a970 19374       3       javax.management.ObjectName::<init> (15 bytes)

GC Heap History (20 events):
Event: 27.995 GC heap before
{Heap before GC invocations=22 (full 0):
 garbage-first heap   total reserved 524288K, committed 262144K, used 219587K [0x00000000e0000000, 0x0000000100000000)
  region size 1024K, 153 young (156672K), 12 survivors (12288K)
 Metaspace       used 71292K, committed 73472K, reserved 393216K
  class space    used 10064K, committed 11136K, reserved 327680K
}
Event: 28.007 GC heap after
{Heap after GC invocations=23 (full 0):
 garbage-first heap   total reserved 524288K, committed 262144K, used 81586K [0x00000000e0000000, 0x0000000100000000)
  region size 1024K, 14 young (14336K), 14 survivors (14336K)
 Metaspace       used 71292K, committed 73472K, reserved 393216K
  class space    used 10064K, committed 11136K, reserved 327680K
}
Event: 28.234 GC heap before
{Heap before GC invocations=23 (full 0):
 garbage-first heap   total reserved 524288K, committed 262144K, used 222898K [0x00000000e0000000, 0x0000000100000000)
  region size 1024K, 153 young (156672K), 14 survivors (14336K)
 Metaspace       used 71333K, committed 73536K, reserved 393216K
  class space    used 10064K, committed 11136K, reserved 327680K
}
Event: 28.243 GC heap after
{Heap after GC invocations=24 (full 0):
 garbage-first heap   total reserved 524288K, committed 262144K, used 83136K [0x00000000e0000000, 0x0000000100000000)
  region size 1024K, 8 young (8192K), 8 survivors (8192K)
 Metaspace       used 71333K, committed 73536K, reserved 393216K
  class space    used 10064K, committed 11136K, reserved 327680K
}
Event: 28.447 GC heap before
{Heap before GC invocations=24 (full 0):
 garbage-first heap   total reserved 524288K, committed 262144K, used 230592K [0x00000000e0000000, 0x0000000100000000)
  region size 1024K, 153 young (156672K), 8 survivors (8192K)
 Metaspace       used 71351K, committed 73536K, reserved 393216K
  class space    used 10064K, committed 11136K, reserved 327680K
}
Event: 28.453 GC heap after
{Heap after GC invocations=25 (full 0):
 garbage-first heap   total reserved 524288K, committed 262144K, used 82749K [0x00000000e0000000, 0x0000000100000000)
  region size 1024K, 8 young (8192K), 8 survivors (8192K)
 Metaspace       used 71351K, committed 73536K, reserved 393216K
  class space    used 10064K, committed 11136K, reserved 327680K
}
Event: 28.778 GC heap before
{Heap before GC invocations=25 (full 0):
 garbage-first heap   total reserved 524288K, committed 262144K, used 230205K [0x00000000e0000000, 0x0000000100000000)
  region size 1024K, 153 young (156672K), 8 survivors (8192K)
 Metaspace       used 71397K, committed 73600K, reserved 393216K
  class space    used 10064K, committed 11136K, reserved 327680K
}
Event: 28.784 GC heap after
{Heap after GC invocations=26 (full 0):
 garbage-first heap   total reserved 524288K, committed 262144K, used 81227K [0x00000000e0000000, 0x0000000100000000)
  region size 1024K, 7 young (7168K), 7 survivors (7168K)
 Metaspace       used 71397K, committed 73600K, reserved 393216K
  class space    used 10064K, committed 11136K, reserved 327680K
}
Event: 30.057 GC heap before
{Heap before GC invocations=27 (full 0):
 garbage-first heap   total reserved 524288K, committed 262144K, used 229707K [0x00000000e0000000, 0x0000000100000000)
  region size 1024K, 153 young (156672K), 7 survivors (7168K)
 Metaspace       used 73640K, committed 75840K, reserved 393216K
  class space    used 10460K, committed 11520K, reserved 327680K
}
Event: 30.062 GC heap after
{Heap after GC invocations=28 (full 0):
 garbage-first heap   total reserved 524288K, committed 262144K, used 82229K [0x00000000e0000000, 0x0000000100000000)
  region size 1024K, 8 young (8192K), 8 survivors (8192K)
 Metaspace       used 73640K, committed 75840K, reserved 393216K
  class space    used 10460K, committed 11520K, reserved 327680K
}
Event: 35.584 GC heap before
{Heap before GC invocations=28 (full 0):
 garbage-first heap   total reserved 524288K, committed 262144K, used 230709K [0x00000000e0000000, 0x0000000100000000)
  region size 1024K, 153 young (156672K), 8 survivors (8192K)
 Metaspace       used 78393K, committed 80768K, reserved 458752K
  class space    used 11076K, committed 12224K, reserved 327680K
}
Event: 35.597 GC heap after
{Heap after GC invocations=29 (full 0):
 garbage-first heap   total reserved 524288K, committed 262144K, used 90123K [0x00000000e0000000, 0x0000000100000000)
  region size 1024K, 16 young (16384K), 16 survivors (16384K)
 Metaspace       used 78393K, committed 80768K, reserved 458752K
  class space    used 11076K, committed 12224K, reserved 327680K
}
Event: 40.481 GC heap before
{Heap before GC invocations=29 (full 0):
 garbage-first heap   total reserved 524288K, committed 262144K, used 230411K [0x00000000e0000000, 0x0000000100000000)
  region size 1024K, 153 young (156672K), 16 survivors (16384K)
 Metaspace       used 78844K, committed 81216K, reserved 458752K
  class space    used 11088K, committed 12224K, reserved 327680K
}
Event: 40.498 GC heap after
{Heap after GC invocations=30 (full 0):
 garbage-first heap   total reserved 524288K, committed 262144K, used 98349K [0x00000000e0000000, 0x0000000100000000)
  region size 1024K, 18 young (18432K), 18 survivors (18432K)
 Metaspace       used 78844K, committed 81216K, reserved 458752K
  class space    used 11088K, committed 12224K, reserved 327680K
}
Event: 42.028 GC heap before
{Heap before GC invocations=31 (full 0):
 garbage-first heap   total reserved 524288K, committed 262144K, used 228397K [0x00000000e0000000, 0x0000000100000000)
  region size 1024K, 145 young (148480K), 18 survivors (18432K)
 Metaspace       used 78979K, committed 81344K, reserved 458752K
  class space    used 11088K, committed 12224K, reserved 327680K
}
Event: 42.038 GC heap after
{Heap after GC invocations=32 (full 0):
 garbage-first heap   total reserved 524288K, committed 262144K, used 95172K [0x00000000e0000000, 0x0000000100000000)
  region size 1024K, 6 young (6144K), 6 survivors (6144K)
 Metaspace       used 78979K, committed 81344K, reserved 458752K
  class space    used 11088K, committed 12224K, reserved 327680K
}
Event: 48.674 GC heap before
{Heap before GC invocations=32 (full 0):
 garbage-first heap   total reserved 524288K, committed 262144K, used 240580K [0x00000000e0000000, 0x0000000100000000)
  region size 1024K, 149 young (152576K), 6 survivors (6144K)
 Metaspace       used 79242K, committed 81600K, reserved 458752K
  class space    used 11092K, committed 12224K, reserved 327680K
}
Event: 48.684 GC heap after
{Heap after GC invocations=33 (full 0):
 garbage-first heap   total reserved 524288K, committed 262144K, used 96540K [0x00000000e0000000, 0x0000000100000000)
  region size 1024K, 8 young (8192K), 8 survivors (8192K)
 Metaspace       used 79242K, committed 81600K, reserved 458752K
  class space    used 11092K, committed 12224K, reserved 327680K
}
Event: 55.460 GC heap before
{Heap before GC invocations=33 (full 0):
 garbage-first heap   total reserved 524288K, committed 262144K, used 237852K [0x00000000e0000000, 0x0000000100000000)
  region size 1024K, 147 young (150528K), 8 survivors (8192K)
 Metaspace       used 79821K, committed 82240K, reserved 458752K
  class space    used 11130K, committed 12288K, reserved 327680K
}
Event: 55.475 GC heap after
{Heap after GC invocations=34 (full 0):
 garbage-first heap   total reserved 524288K, committed 262144K, used 99922K [0x00000000e0000000, 0x0000000100000000)
  region size 1024K, 11 young (11264K), 11 survivors (11264K)
 Metaspace       used 79821K, committed 82240K, reserved 458752K
  class space    used 11130K, committed 12288K, reserved 327680K
}

Dll operation events (15 events):
Event: 0.029 Loaded shared library C:\Program Files\Java\jdk-22\bin\java.dll
Event: 0.052 Loaded shared library C:\Program Files\Java\jdk-22\bin\jsvml.dll
Event: 0.106 Loaded shared library C:\Program Files\Java\jdk-22\bin\zip.dll
Event: 0.111 Loaded shared library C:\Program Files\Java\jdk-22\bin\instrument.dll
Event: 0.137 Loaded shared library C:\Program Files\Java\jdk-22\bin\net.dll
Event: 0.160 Loaded shared library C:\Program Files\Java\jdk-22\bin\nio.dll
Event: 0.162 Loaded shared library C:\Program Files\Java\jdk-22\bin\zip.dll
Event: 0.363 Loaded shared library C:\Program Files\Java\jdk-22\bin\jimage.dll
Event: 0.563 Loaded shared library C:\Program Files\Java\jdk-22\bin\verify.dll
Event: 0.599 Loaded shared library C:\Users\mikoq\.gradle\native\660c5614fbf4a5f2a75b1949f50a0caf5cd603558e7d8a26e50b933a0cfb79d1\windows-amd64\native-platform.dll
Event: 0.615 Loaded shared library C:\Users\mikoq\.gradle\native\0.2.8\x86_64-windows-gnu\gradle-fileevents.dll
Event: 1.469 Loaded shared library C:\Program Files\Java\jdk-22\bin\management.dll
Event: 1.505 Loaded shared library C:\Program Files\Java\jdk-22\bin\management_ext.dll
Event: 1.700 Loaded shared library C:\Program Files\Java\jdk-22\bin\extnet.dll
Event: 1.975 Loaded shared library C:\Program Files\Java\jdk-22\bin\sunmscapi.dll

Deoptimization events (20 events):
Event: 61.734 Thread 0x0000021f196ebbd0 Uncommon trap: trap_request=0xffffffde fr.pc=0x0000021f610362f4 relative=0x0000000000006ad4
Event: 61.734 Thread 0x0000021f196ebbd0 Uncommon trap: reason=class_check action=maybe_recompile pc=0x0000021f610362f4 method=java.io.BufferedOutputStream.implWrite([BII)V @ 19 c2
Event: 61.734 Thread 0x0000021f196ebbd0 DEOPT PACKING pc=0x0000021f610362f4 sp=0x000000dd9aefe990
Event: 61.734 Thread 0x0000021f196ebbd0 DEOPT UNPACKING pc=0x0000021f606846a2 sp=0x000000dd9aefe990 mode 2
Event: 61.750 Thread 0x0000021f1afbe520 Uncommon trap: trap_request=0xffffff45 fr.pc=0x0000021f613862f0 relative=0x0000000000000070
Event: 61.750 Thread 0x0000021f1afbe520 Uncommon trap: reason=unstable_if action=reinterpret pc=0x0000021f613862f0 method=org.gradle.api.internal.provider.ValueSupplier$Present.runSideEffect()V @ 4 c2
Event: 61.750 Thread 0x0000021f1afbe520 DEOPT PACKING pc=0x0000021f613862f0 sp=0x000000dd9d3f86c0
Event: 61.750 Thread 0x0000021f1afbe520 DEOPT UNPACKING pc=0x0000021f606846a2 sp=0x000000dd9d3f85f8 mode 2
Event: 62.942 Thread 0x0000021f1afbe520 Uncommon trap: trap_request=0xffffffd6 fr.pc=0x0000021f6175c404 relative=0x00000000000015c4
Event: 62.942 Thread 0x0000021f1afbe520 Uncommon trap: reason=array_check action=maybe_recompile pc=0x0000021f6175c404 method=java.util.TimSort.reverseRange([Ljava/lang/Object;II)V @ 20 c2
Event: 62.942 Thread 0x0000021f1afbe520 DEOPT PACKING pc=0x0000021f6175c404 sp=0x000000dd9d3f9180
Event: 62.943 Thread 0x0000021f1afbe520 DEOPT UNPACKING pc=0x0000021f606846a2 sp=0x000000dd9d3f9038 mode 2
Event: 62.944 Thread 0x0000021f1afbe520 Uncommon trap: trap_request=0xffffffd6 fr.pc=0x0000021f6175c404 relative=0x00000000000015c4
Event: 62.944 Thread 0x0000021f1afbe520 Uncommon trap: reason=array_check action=maybe_recompile pc=0x0000021f6175c404 method=java.util.TimSort.reverseRange([Ljava/lang/Object;II)V @ 20 c2
Event: 62.944 Thread 0x0000021f1afbe520 DEOPT PACKING pc=0x0000021f6175c404 sp=0x000000dd9d3f9180
Event: 62.944 Thread 0x0000021f1afbe520 DEOPT UNPACKING pc=0x0000021f606846a2 sp=0x000000dd9d3f9038 mode 2
Event: 63.986 Thread 0x0000021f1afbe520 Uncommon trap: trap_request=0xffffffde fr.pc=0x0000021f6111cb4c relative=0x000000000000062c
Event: 65.994 Thread 0x0000021f1afbe520 Uncommon trap: reason=class_check action=maybe_recompile pc=0x0000021f6111cb4c method=java.nio.charset.CharsetEncoder.replaceWith([B)Ljava/nio/charset/CharsetEncoder; @ 53 c2
Event: 65.994 Thread 0x0000021f1afbe520 DEOPT PACKING pc=0x0000021f6111cb4c sp=0x000000dd9d3f3c40
Event: 65.994 Thread 0x0000021f1afbe520 DEOPT UNPACKING pc=0x0000021f606846a2 sp=0x000000dd9d3f3b18 mode 2

Classes loaded (20 events):
Event: 58.499 Loading class java/lang/ProcessImpl
Event: 58.500 Loading class java/lang/ProcessImpl done
Event: 58.546 Loading class java/lang/ProcessHandleImpl
Event: 58.548 Loading class java/lang/ProcessHandleImpl done
Event: 58.551 Loading class java/lang/ProcessImpl$2
Event: 58.552 Loading class java/lang/ProcessImpl$2 done
Event: 58.552 Loading class java/lang/Process$PipeInputStream
Event: 58.552 Loading class java/lang/Process$PipeInputStream done
Event: 58.562 Loading class jdk/internal/event/ProcessStartEvent
Event: 58.563 Loading class jdk/internal/event/ProcessStartEvent done
Event: 61.208 Loading class java/util/stream/ReduceOps$2
Event: 61.208 Loading class java/util/stream/ReduceOps$2 done
Event: 61.208 Loading class java/util/stream/ReduceOps$2ReducingSink
Event: 61.209 Loading class java/util/stream/ReduceOps$2ReducingSink done
Event: 61.416 Loading class java/lang/StackTraceElement$HashedModules
Event: 61.416 Loading class java/lang/StackTraceElement$HashedModules done
Event: 61.613 Loading class java/io/CharArrayReader
Event: 61.613 Loading class java/io/CharArrayReader done
Event: 61.783 Loading class java/util/ArrayList$SubList$2
Event: 61.784 Loading class java/util/ArrayList$SubList$2 done

Classes unloaded (20 events):
Event: 28.847 Thread 0x0000021f6bd086b0 Unloading class 0x0000021f018738d8 '_BuildScript_$_run_closure1$_closure2'
Event: 28.847 Thread 0x0000021f6bd086b0 Unloading class 0x0000021f018734f0 '_BuildScript_$_run_closure1'
Event: 28.847 Thread 0x0000021f6bd086b0 Unloading class 0x0000021f01873000 '_BuildScript_'
Event: 28.847 Thread 0x0000021f6bd086b0 Unloading class 0x0000021f01872400 'KotlinCoroutineJvmDebugArgumentsProvider$_asArguments_closure1'
Event: 28.847 Thread 0x0000021f6bd086b0 Unloading class 0x0000021f018729f8 'KotlinCoroutineJvmDebugArgumentsProvider'
Event: 28.847 Thread 0x0000021f6bd086b0 Unloading class 0x0000021f01872800 'Properties'
Event: 28.847 Thread 0x0000021f6bd086b0 Unloading class 0x0000021f018708d8 '_BuildScript_$_run_closure1$_closure2'
Event: 28.847 Thread 0x0000021f6bd086b0 Unloading class 0x0000021f018704f0 '_BuildScript_$_run_closure1'
Event: 28.847 Thread 0x0000021f6bd086b0 Unloading class 0x0000021f01870000 '_BuildScript_'
Event: 28.847 Thread 0x0000021f6bd086b0 Unloading class 0x0000021f0185d3e8 '_BuildScript_$_run_closure1$_closure2$_closure4'
Event: 28.847 Thread 0x0000021f6bd086b0 Unloading class 0x0000021f0185d000 '_BuildScript_$_run_closure1$_closure2$_closure3'
Event: 28.847 Thread 0x0000021f6bd086b0 Unloading class 0x0000021f0185c8d8 '_BuildScript_$_run_closure1$_closure2'
Event: 28.847 Thread 0x0000021f6bd086b0 Unloading class 0x0000021f0185c4f0 '_BuildScript_$_run_closure1'
Event: 28.847 Thread 0x0000021f6bd086b0 Unloading class 0x0000021f0185c000 '_BuildScript_'
Event: 55.575 Thread 0x0000021f6bd086b0 Unloading class 0x0000021f01b813e8 '_BuildScript_$_run_closure4'
Event: 55.575 Thread 0x0000021f6bd086b0 Unloading class 0x0000021f01b81000 '_BuildScript_$_run_closure3'
Event: 55.575 Thread 0x0000021f6bd086b0 Unloading class 0x0000021f01b79c00 '_BuildScript_$_run_closure2'
Event: 55.575 Thread 0x0000021f6bd086b0 Unloading class 0x0000021f01b808e0 '_BuildScript_$_run_closure1$_closure5'
Event: 55.575 Thread 0x0000021f6bd086b0 Unloading class 0x0000021f01b804f8 '_BuildScript_$_run_closure1'
Event: 55.575 Thread 0x0000021f6bd086b0 Unloading class 0x0000021f01b80000 '_BuildScript_'

Classes redefined (0 events):
No events

Internal exceptions (20 events):
Event: 30.909 Thread 0x0000021f1afbe520 Exception <a 'java/lang/NoSuchMethodError'{0x00000000ed6a86e0}: 'void java.lang.invoke.DirectMethodHandle$Holder.invokeStatic(java.lang.Object, int, java.lang.Object)'> (0x00000000ed6a86e0) 
thrown [s\open\src\hotspot\share\interpreter\linkResolver.cpp, line 774]
Event: 35.207 Thread 0x0000021f1afbe520 Exception <a 'java/lang/ClassNotFoundException'{0x00000000e7d982f8}: org/gradle/plugin/software/internal/ProjectFeaturesDynamicObject_DecoratedBeanInfo> (0x00000000e7d982f8) 
thrown [s\open\src\hotspot\share\classfile\systemDictionary.cpp, line 313]
Event: 35.208 Thread 0x0000021f1afbe520 Exception <a 'java/lang/ClassNotFoundException'{0x00000000e7da6678}: org/gradle/plugin/software/internal/ProjectFeaturesDynamicObjectBeanInfo> (0x00000000e7da6678) 
thrown [s\open\src\hotspot\share\classfile\systemDictionary.cpp, line 313]
Event: 35.208 Thread 0x0000021f1afbe520 Exception <a 'java/lang/ClassNotFoundException'{0x00000000e7db4620}: org/gradle/internal/metaobject/AbstractDynamicObjectBeanInfo> (0x00000000e7db4620) 
thrown [s\open\src\hotspot\share\classfile\systemDictionary.cpp, line 313]
Event: 35.208 Thread 0x0000021f1afbe520 Exception <a 'java/lang/ClassNotFoundException'{0x00000000e7dc25c0}: org/gradle/internal/metaobject/AbstractDynamicObjectCustomizer> (0x00000000e7dc25c0) 
thrown [s\open\src\hotspot\share\classfile\systemDictionary.cpp, line 313]
Event: 35.209 Thread 0x0000021f1afbe520 Exception <a 'java/lang/ClassNotFoundException'{0x00000000e7ddd148}: org/gradle/plugin/software/internal/ProjectFeaturesDynamicObjectCustomizer> (0x00000000e7ddd148) 
thrown [s\open\src\hotspot\share\classfile\systemDictionary.cpp, line 313]
Event: 35.210 Thread 0x0000021f1afbe520 Exception <a 'java/lang/ClassNotFoundException'{0x00000000e7df2bc0}: org/gradle/plugin/software/internal/ProjectFeaturesDynamicObject_DecoratedCustomizer> (0x00000000e7df2bc0) 
thrown [s\open\src\hotspot\share\classfile\systemDictionary.cpp, line 313]
Event: 35.711 Thread 0x0000021f1eefc200 Implicit null exception at 0x0000021f6161ef69 to 0x0000021f6161f010
Event: 40.575 Thread 0x0000021f1afbe520 Implicit null exception at 0x0000021f61682c7e to 0x0000021f61682e54
Event: 52.972 Thread 0x0000021f1afbe520 Implicit null exception at 0x0000021f614e03af to 0x0000021f614e2674
Event: 54.633 Thread 0x0000021f1afbe520 Implicit null exception at 0x0000021f616bf61b to 0x0000021f616c0768
Event: 58.418 Thread 0x0000021f1afbe520 Implicit null exception at 0x0000021f615e80e5 to 0x0000021f615e8b20
Event: 58.430 Thread 0x0000021f196e8de0 Implicit null exception at 0x0000021f612468a8 to 0x0000021f61246968
Event: 58.432 Thread 0x0000021f196e7a30 Implicit null exception at 0x0000021f61675288 to 0x0000021f61675413
Event: 58.545 Thread 0x0000021f196eb540 Exception <a 'java/lang/NoSuchMethodError'{0x00000000ea3c0a48}: 'void java.lang.invoke.DirectMethodHandle$Holder.invokeStatic(java.lang.Object, long)'> (0x00000000ea3c0a48) 
thrown [s\open\src\hotspot\share\interpreter\linkResolver.cpp, line 774]
Event: 58.550 Thread 0x0000021f196eb540 Exception <a 'java/lang/NoSuchMethodError'{0x00000000ea3cb018}: 'java.lang.Object java.lang.invoke.DirectMethodHandle$Holder.invokeStaticInit(java.lang.Object, long, java.lang.Object)'> (0x00000000ea3cb018) 
thrown [s\open\src\hotspot\share\interpreter\linkResolver.cpp, line 774]
Event: 61.790 Thread 0x0000021f1afbe520 Exception <a 'java/lang/IncompatibleClassChangeError'{0x00000000e9b370a0}: Found class java.lang.Object, but interface was expected> (0x00000000e9b370a0) 
thrown [s\open\src\hotspot\share\interpreter\linkResolver.cpp, line 841]
Event: 61.892 Thread 0x0000021f1afbe520 Exception <a 'java/lang/NoSuchMethodError'{0x00000000e99baea8}: 'java.lang.Object java.lang.invoke.DirectMethodHandle$Holder.newInvokeSpecial(java.lang.Object, java.lang.Object, java.lang.Object, java.lang.Object, java.lang.Object, java.lang.Object, int)'> (0x00000000e99baea8) 
thrown [s\open\src\hotspot\share\interpreter\linkResolver.cpp, line 774]
Event: 61.895 Thread 0x0000021f1afbe520 Exception <a 'java/lang/NoSuchMethodError'{0x00000000e99bf810}: 'java.lang.Object java.lang.invoke.DirectMethodHandle$Holder.invokeSpecial(java.lang.Object, java.lang.Object, java.lang.Object, java.lang.Object, java.lang.Object, java.lang.Object, java.lang.Object, int)'> (0x00000000e99bf810) 
thrown [s\open\src\hotspot\share\interpreter\linkResolver.cpp, line 774]
Event: 61.896 Thread 0x0000021f1afbe520 Exception <a 'java/lang/NoSuchMethodError'{0x00000000e99c3988}: 'java.lang.Object java.lang.invoke.Invokers$Holder.linkToTargetMethod(java.lang.Object, java.lang.Object, java.lang.Object, java.lang.Object, java.lang.Object, int, java.lang.Object)'> (0x00000000e99c3988) 
thrown [s\open\src\hotspot\share\interpreter\linkResolver.cpp, line 774]

ZGC Phase Switch (0 events):
No events

VM Operations (20 events):
Event: 55.654 Executing VM operation: G1PauseCleanup
Event: 55.655 Executing VM operation: G1PauseCleanup done
Event: 56.662 Executing VM operation: Cleanup
Event: 56.662 Executing VM operation: Cleanup done
Event: 57.674 Executing VM operation: Cleanup
Event: 57.674 Executing VM operation: Cleanup done
Event: 58.326 Executing VM operation: HandshakeAllThreads (Deoptimize)
Event: 58.327 Executing VM operation: HandshakeAllThreads (Deoptimize) done
Event: 58.561 Executing VM operation: HandshakeAllThreads (Deoptimize)
Event: 58.562 Executing VM operation: HandshakeAllThreads (Deoptimize) done
Event: 59.574 Executing VM operation: Cleanup
Event: 59.574 Executing VM operation: Cleanup done
Event: 60.034 Executing VM operation: HandshakeAllThreads (HandshakeForDeflation)
Event: 60.034 Executing VM operation: HandshakeAllThreads (HandshakeForDeflation) done
Event: 60.034 Executing VM operation: RendezvousGCThreads
Event: 60.034 Executing VM operation: RendezvousGCThreads done
Event: 62.055 Executing VM operation: Cleanup
Event: 62.934 Executing VM operation: Cleanup done
Event: 63.949 Executing VM operation: Cleanup
Event: 63.980 Executing VM operation: Cleanup done

Memory protections (0 events):
No events

Nmethod flushes (20 events):
Event: 55.615 Thread 0x0000021f6bd086b0 flushing  nmethod 0x0000021f59b1b590
Event: 55.615 Thread 0x0000021f6bd086b0 flushing  nmethod 0x0000021f59b40b10
Event: 55.615 Thread 0x0000021f6bd086b0 flushing  nmethod 0x0000021f59b40f90
Event: 55.615 Thread 0x0000021f6bd086b0 flushing  nmethod 0x0000021f59b41990
Event: 55.615 Thread 0x0000021f6bd086b0 flushing  nmethod 0x0000021f59c9a210
Event: 55.615 Thread 0x0000021f6bd086b0 flushing  nmethod 0x0000021f59c9c410
Event: 55.615 Thread 0x0000021f6bd086b0 flushing  nmethod 0x0000021f59c9c890
Event: 55.615 Thread 0x0000021f6bd086b0 flushing  nmethod 0x0000021f59c9ce90
Event: 55.615 Thread 0x0000021f6bd086b0 flushing  nmethod 0x0000021f59c9f610
Event: 55.615 Thread 0x0000021f6bd086b0 flushing  nmethod 0x0000021f59cba710
Event: 55.615 Thread 0x0000021f6bd086b0 flushing  nmethod 0x0000021f59cdf590
Event: 55.615 Thread 0x0000021f6bd086b0 flushing  nmethod 0x0000021f59d1b690
Event: 55.615 Thread 0x0000021f6bd086b0 flushing  nmethod 0x0000021f59d54610
Event: 55.615 Thread 0x0000021f6bd086b0 flushing  nmethod 0x0000021f5a3cfd90
Event: 55.615 Thread 0x0000021f6bd086b0 flushing  nmethod 0x0000021f5a3d1810
Event: 55.615 Thread 0x0000021f6bd086b0 flushing  nmethod 0x0000021f5a5b3190
Event: 55.615 Thread 0x0000021f6bd086b0 flushing  nmethod 0x0000021f5a5b3d10
Event: 55.615 Thread 0x0000021f6bd086b0 flushing  nmethod 0x0000021f5a5beb10
Event: 55.615 Thread 0x0000021f6bd086b0 flushing  nmethod 0x0000021f5a7ba690
Event: 55.615 Thread 0x0000021f6bd086b0 flushing  nmethod 0x0000021f5a95da90

Events (20 events):
Event: 44.865 Thread 0x0000021f1917a970 Thread added: 0x0000021f1fa4cd00
Event: 45.904 Thread 0x0000021f1fa4cd00 Thread exited: 0x0000021f1fa4cd00
Event: 56.029 Thread 0x0000021f1917a970 Thread added: 0x0000021f1fa4cd00
Event: 58.428 Thread 0x0000021f1afbe520 Thread added: 0x0000021f196e9b00
Event: 58.429 Thread 0x0000021f196e9b00 Thread added: 0x0000021f196ea820
Event: 58.429 Thread 0x0000021f196e9b00 Thread added: 0x0000021f196e9470
Event: 58.429 Thread 0x0000021f196ea820 Thread added: 0x0000021f196e8de0
Event: 58.429 Thread 0x0000021f196e9470 Thread added: 0x0000021f196e80c0
Event: 58.429 Thread 0x0000021f196ea820 Thread added: 0x0000021f196e7a30
Event: 58.430 Thread 0x0000021f196e8de0 Thread added: 0x0000021f196ea190
Event: 58.430 Thread 0x0000021f196e9470 Thread added: 0x0000021f196e73a0
Event: 58.430 Thread 0x0000021f196ea820 Thread added: 0x0000021f196eaeb0
Event: 58.430 Thread 0x0000021f196e73a0 Thread added: 0x0000021f196ee330
Event: 58.430 Thread 0x0000021f196e80c0 Thread added: 0x0000021f196edca0
Event: 58.498 Thread 0x0000021f196e73a0 Thread added: 0x0000021f196eb540
Event: 58.565 Thread 0x0000021f196eb540 Thread added: 0x0000021f196ee9c0
Event: 58.565 Thread 0x0000021f196eb540 Thread added: 0x0000021f196ef050
Event: 59.505 Thread 0x0000021f1fa4cd00 Thread exited: 0x0000021f1fa4cd00
Event: 61.730 Thread 0x0000021f1afbe520 Thread added: 0x0000021f196ebbd0
Event: 62.938 Thread 0x0000021f1917a970 Thread added: 0x0000021f1fa4cd00


Dynamic libraries:
0x00007ff7b03d0000 - 0x00007ff7b03e0000 	C:\Program Files\Java\jdk-22\bin\java.exe
0x00007ffdbb5a0000 - 0x00007ffdbb808000 	C:\WINDOWS\SYSTEM32\ntdll.dll
0x00007ffdb9c20000 - 0x00007ffdb9ce9000 	C:\WINDOWS\System32\KERNEL32.DLL
0x00007ffdb8380000 - 0x00007ffdb8771000 	C:\WINDOWS\System32\KERNELBASE.dll
0x00007ffdb7f40000 - 0x00007ffdb808b000 	C:\WINDOWS\System32\ucrtbase.dll
0x00007ffd67c70000 - 0x00007ffd67c87000 	C:\Program Files\Java\jdk-22\bin\jli.dll
0x00007ffdb9370000 - 0x00007ffdb9536000 	C:\WINDOWS\System32\USER32.dll
0x00007ffd67c50000 - 0x00007ffd67c6b000 	C:\Program Files\Java\jdk-22\bin\VCRUNTIME140.dll
0x00007ffdb7e80000 - 0x00007ffdb7ea7000 	C:\WINDOWS\System32\win32u.dll
0x00007ffdb9860000 - 0x00007ffdb988b000 	C:\WINDOWS\System32\GDI32.dll
0x00007ffd91d50000 - 0x00007ffd91fe3000 	C:\WINDOWS\WinSxS\amd64_microsoft.windows.common-controls_6595b64144ccf1df_6.0.26100.7824_none_3e0870b2e3345462\COMCTL32.dll
0x00007ffdb9210000 - 0x00007ffdb933b000 	C:\WINDOWS\System32\gdi32full.dll
0x00007ffdba530000 - 0x00007ffdba5d9000 	C:\WINDOWS\System32\msvcrt.dll
0x00007ffdb90a0000 - 0x00007ffdb9143000 	C:\WINDOWS\System32\msvcp_win.dll
0x00007ffdbb200000 - 0x00007ffdbb231000 	C:\WINDOWS\System32\IMM32.DLL
0x00007ffd20380000 - 0x00007ffd2038c000 	C:\Program Files\Java\jdk-22\bin\vcruntime140_1.dll
0x00007ffd195c0000 - 0x00007ffd1964e000 	C:\Program Files\Java\jdk-22\bin\msvcp140.dll
0x00007ffd15e80000 - 0x00007ffd16bc9000 	C:\Program Files\Java\jdk-22\bin\server\jvm.dll
0x00007ffdba920000 - 0x00007ffdba9d4000 	C:\WINDOWS\System32\ADVAPI32.dll
0x00007ffdb9540000 - 0x00007ffdb95e6000 	C:\WINDOWS\System32\sechost.dll
0x00007ffdbb440000 - 0x00007ffdbb558000 	C:\WINDOWS\System32\RPCRT4.dll
0x00007ffdba760000 - 0x00007ffdba7d4000 	C:\WINDOWS\System32\WS2_32.dll
0x00007ffdb7d00000 - 0x00007ffdb7d5e000 	C:\WINDOWS\SYSTEM32\POWRPROF.dll
0x00007ffda4280000 - 0x00007ffda428b000 	C:\WINDOWS\SYSTEM32\VERSION.dll
0x00007ffdad1d0000 - 0x00007ffdad205000 	C:\WINDOWS\SYSTEM32\WINMM.dll
0x00007ffdb7ce0000 - 0x00007ffdb7cf4000 	C:\WINDOWS\SYSTEM32\UMPDC.dll
0x00007ffdb6be0000 - 0x00007ffdb6bfb000 	C:\WINDOWS\SYSTEM32\kernel.appcore.dll
0x00007ffd1c7b0000 - 0x00007ffd1c7ba000 	C:\Program Files\Java\jdk-22\bin\jimage.dll
0x00007ffdb5df0000 - 0x00007ffdb6032000 	C:\WINDOWS\SYSTEM32\DBGHELP.DLL
0x00007ffdba9e0000 - 0x00007ffdbad66000 	C:\WINDOWS\System32\combase.dll
0x00007ffdb9cf0000 - 0x00007ffdb9dc7000 	C:\WINDOWS\System32\OLEAUT32.dll
0x00007ffd9d080000 - 0x00007ffd9d0bb000 	C:\WINDOWS\SYSTEM32\dbgcore.DLL
0x00007ffdb8ff0000 - 0x00007ffdb9095000 	C:\WINDOWS\System32\bcryptPrimitives.dll
0x00007ffd1c7a0000 - 0x00007ffd1c7af000 	C:\Program Files\Java\jdk-22\bin\instrument.dll
0x00007ffd1bd40000 - 0x00007ffd1bd5e000 	C:\Program Files\Java\jdk-22\bin\java.dll
0x00007ffdb9dd0000 - 0x00007ffdba522000 	C:\WINDOWS\System32\SHELL32.dll
0x00007ffdb8210000 - 0x00007ffdb837a000 	C:\WINDOWS\System32\wintypes.dll
0x00007ffdb9930000 - 0x00007ffdb9ac7000 	C:\WINDOWS\System32\ole32.dll
0x00007ffdb8780000 - 0x00007ffdb8fe3000 	C:\WINDOWS\System32\windows.storage.dll
0x00007ffdba5e0000 - 0x00007ffdba6d6000 	C:\WINDOWS\System32\SHCORE.dll
0x00007ffdb95f0000 - 0x00007ffdb9657000 	C:\WINDOWS\System32\shlwapi.dll
0x00007ffdb7da0000 - 0x00007ffdb7dc9000 	C:\WINDOWS\SYSTEM32\profapi.dll
0x00007ffd18f40000 - 0x00007ffd19017000 	C:\Program Files\Java\jdk-22\bin\jsvml.dll
0x00007ffd195a0000 - 0x00007ffd195b7000 	C:\Program Files\Java\jdk-22\bin\zip.dll
0x00007ffd1c790000 - 0x00007ffd1c7a0000 	C:\Program Files\Java\jdk-22\bin\net.dll
0x00007ffdb7130000 - 0x00007ffdb719b000 	C:\WINDOWS\system32\mswsock.dll
0x00007ffd19580000 - 0x00007ffd19596000 	C:\Program Files\Java\jdk-22\bin\nio.dll
0x00007ffd1bd30000 - 0x00007ffd1bd40000 	C:\Program Files\Java\jdk-22\bin\verify.dll
0x00007ffd226f0000 - 0x00007ffd22717000 	C:\Users\mikoq\.gradle\native\660c5614fbf4a5f2a75b1949f50a0caf5cd603558e7d8a26e50b933a0cfb79d1\windows-amd64\native-platform.dll
0x00007ffd19500000 - 0x00007ffd19577000 	C:\Users\mikoq\.gradle\native\0.2.8\x86_64-windows-gnu\gradle-fileevents.dll
0x00007ffd19190000 - 0x00007ffd1919a000 	C:\Program Files\Java\jdk-22\bin\management.dll
0x00007ffd19180000 - 0x00007ffd1918b000 	C:\Program Files\Java\jdk-22\bin\management_ext.dll
0x00007ffdba7e0000 - 0x00007ffdba7e8000 	C:\WINDOWS\System32\PSAPI.DLL
0x00007ffdb65e0000 - 0x00007ffdb6614000 	C:\WINDOWS\SYSTEM32\IPHLPAPI.DLL
0x00007ffdb9670000 - 0x00007ffdb967a000 	C:\WINDOWS\System32\NSI.dll
0x00007ffd19170000 - 0x00007ffd19179000 	C:\Program Files\Java\jdk-22\bin\extnet.dll
0x00007ffdb7520000 - 0x00007ffdb753b000 	C:\WINDOWS\SYSTEM32\CRYPTSP.dll
0x00007ffdb6b40000 - 0x00007ffdb6b79000 	C:\WINDOWS\system32\rsaenh.dll
0x00007ffdb71e0000 - 0x00007ffdb720b000 	C:\WINDOWS\SYSTEM32\USERENV.dll
0x00007ffdb7d70000 - 0x00007ffdb7d9a000 	C:\WINDOWS\SYSTEM32\bcrypt.dll
0x00007ffdb7380000 - 0x00007ffdb738c000 	C:\WINDOWS\SYSTEM32\CRYPTBASE.dll
0x00007ffd19160000 - 0x00007ffd1916e000 	C:\Program Files\Java\jdk-22\bin\sunmscapi.dll
0x00007ffdb8090000 - 0x00007ffdb8207000 	C:\WINDOWS\System32\CRYPT32.dll
0x00007ffdb7680000 - 0x00007ffdb76b0000 	C:\WINDOWS\SYSTEM32\ncrypt.dll
0x00007ffdb7630000 - 0x00007ffdb766f000 	C:\WINDOWS\SYSTEM32\NTASN1.dll
0x00007ffd8a510000 - 0x00007ffd8a518000 	C:\WINDOWS\system32\wshunix.dll
0x00007ffdb6d00000 - 0x00007ffdb6d36000 	C:\WINDOWS\SYSTEM32\ntmarta.dll
0x00007ffdb6620000 - 0x00007ffdb674c000 	C:\WINDOWS\SYSTEM32\DNSAPI.dll
0x00007ffda78f0000 - 0x00007ffda78fb000 	C:\Windows\System32\rasadhlp.dll
0x00007ffdaf860000 - 0x00007ffdaf8e6000 	C:\WINDOWS\System32\fwpuclnt.dll

dbghelp: loaded successfully - version: 4.0.5 - missing functions: none
symbol engine: initialized successfully - sym options: 0x614 - pdb path: .;C:\Program Files\Java\jdk-22\bin;C:\WINDOWS\SYSTEM32;C:\WINDOWS\WinSxS\amd64_microsoft.windows.common-controls_6595b64144ccf1df_6.0.26100.7824_none_3e0870b2e3345462;C:\Program Files\Java\jdk-22\bin\server;C:\Users\mikoq\.gradle\native\660c5614fbf4a5f2a75b1949f50a0caf5cd603558e7d8a26e50b933a0cfb79d1\windows-amd64;C:\Users\mikoq\.gradle\native\0.2.8\x86_64-windows-gnu

VM Arguments:
jvm_args: --add-opens=java.base/java.lang=ALL-UNNAMED --add-opens=java.base/java.lang.invoke=ALL-UNNAMED --add-opens=java.base/java.util=ALL-UNNAMED --add-opens=java.prefs/java.util.prefs=ALL-UNNAMED --add-exports=jdk.compiler/com.sun.tools.javac.api=ALL-UNNAMED --add-exports=jdk.compiler/com.sun.tools.javac.util=ALL-UNNAMED --add-opens=java.base/java.util=ALL-UNNAMED --add-opens=java.prefs/java.util.prefs=ALL-UNNAMED --add-opens=java.base/java.nio.charset=ALL-UNNAMED --add-opens=java.base/java.net=ALL-UNNAMED --add-opens=java.base/java.util.concurrent=ALL-UNNAMED --add-opens=java.base/java.util.concurrent.atomic=ALL-UNNAMED --add-opens=java.xml/javax.xml.namespace=ALL-UNNAMED --add-opens=java.base/java.time=ALL-UNNAMED -XX:MaxMetaspaceSize=384m -XX:+HeapDumpOnOutOfMemoryError -Xms256m -Xmx512m -Dfile.encoding=UTF-8 -Duser.country=AZ -Duser.language=az -Duser.variant -javaagent:C:\Users\mikoq\.gradle\wrapper\dists\gradle-9.3.0-bin\79n14ral3mx1ozqr3csh2u872\gradle-9.3.0\lib\agents\gradle-instrumentation-agent-9.3.0.jar 
java_command: org.gradle.launcher.daemon.bootstrap.GradleDaemon 9.3.0
java_class_path (initial): C:\Users\mikoq\.gradle\wrapper\dists\gradle-9.3.0-bin\79n14ral3mx1ozqr3csh2u872\gradle-9.3.0\lib\gradle-daemon-main-9.3.0.jar
Launcher Type: SUN_STANDARD

[Global flags]
     intx CICompilerCount                          = 4                                         {product} {ergonomic}
   size_t CompressedClassSpaceSize                 = 335544320                                 {product} {ergonomic}
     uint ConcGCThreads                            = 3                                         {product} {ergonomic}
     uint G1ConcRefinementThreads                  = 10                                        {product} {ergonomic}
   size_t G1HeapRegionSize                         = 1048576                                   {product} {ergonomic}
     bool HeapDumpOnOutOfMemoryError               = true                                   {manageable} {command line}
   size_t InitialHeapSize                          = 268435456                                 {product} {command line}
   size_t MarkStackSize                            = 4194304                                   {product} {ergonomic}
   size_t MaxHeapSize                              = 536870912                                 {product} {command line}
   size_t MaxMetaspaceSize                         = 402653184                                 {product} {command line}
   size_t MaxNewSize                               = 321912832                                 {product} {ergonomic}
   size_t MinHeapDeltaBytes                        = 1048576                                   {product} {ergonomic}
   size_t MinHeapSize                              = 268435456                                 {product} {command line}
    uintx NonNMethodCodeHeapSize                   = 5839372                                {pd product} {ergonomic}
    uintx NonProfiledCodeHeapSize                  = 122909434                              {pd product} {ergonomic}
    uintx ProfiledCodeHeapSize                     = 122909434                              {pd product} {ergonomic}
    uintx ReservedCodeCacheSize                    = 251658240                              {pd product} {ergonomic}
     bool SegmentedCodeCache                       = true                                      {product} {ergonomic}
   size_t SoftMaxHeapSize                          = 536870912                              {manageable} {ergonomic}
     bool UseCompressedOops                        = true                           {product lp64_product} {ergonomic}
     bool UseG1GC                                  = true                                      {product} {ergonomic}
     bool UseLargePagesIndividualAllocation        = false                                  {pd product} {ergonomic}

Logging:
Log output configuration:
 #0: stdout all=warning uptime,level,tags foldmultilines=false
 #1: stderr all=off uptime,level,tags foldmultilines=false

Environment Variables:
PATH=C:\Program Files\Common Files\Oracle\Java\javapath;C:\WINDOWS\system32;C:\WINDOWS;C:\WINDOWS\System32\Wbem;C:\WINDOWS\System32\WindowsPowerShell\v1.0\;C:\WINDOWS\System32\OpenSSH\;C:\Program Files\Docker\Docker\resources\bin;C:\Program Files\dotnet\;C:\Program Files\Git\cmd;C:\Users\mikoq\AppData\Local\Microsoft\WindowsApps;C:\Users\mikoq\AppData\Local\Programs\Microsoft VS Code\bin;C:\Users\mikoq\AppData\Local\Microsoft\WinGet\Packages\Schniz.fnm_Microsoft.Winget.Source_8wekyb3d8bbwe;C:\Users\mikoq\.dotnet\tools;C:\AppServ\Apache24\bin;C:\AppServ\php7;C:\AppServ\MySQL\bin;C:\Users\mikoq\AppData\Local\Programs\cursor\resources\app\bin;C:\Gradle\gradle-8.14.4-bin\gradle-8.14.4\bin;C:\Program Files\JetBrains\IntelliJ IDEA 2025.3.2\bin
USERNAME=mikoq
OS=Windows_NT
PROCESSOR_IDENTIFIER=Intel64 Family 6 Model 154 Stepping 4, GenuineIntel
TMP=C:\Users\mikoq\AppData\Local\Temp
TEMP=C:\Users\mikoq\AppData\Local\Temp




Periodic native trim disabled

---------------  S Y S T E M  ---------------

OS:
 Windows 11 , 64 bit Build 26100 (10.0.26100.7705)
OS uptime: 0 days 0:04 hours
Hyper-V role detected

CPU: total 12 (initial active 12) (6 cores per cpu, 2 threads per core) family 6 model 154 stepping 4 microcode 0x437, cx8, cmov, fxsr, ht, mmx, 3dnowpref, sse, sse2, sse3, ssse3, sse4.1, sse4.2, popcnt, lzcnt, tsc, tscinvbit, avx, avx2, aes, erms, clmul, bmi1, bmi2, adx, sha, fma, vzeroupper, clflush, clflushopt, clwb, hv, serialize, rdtscp, rdpid, fsrm, f16c, cet_ibt, cet_ss
Processor Information for processor 0
  Max Mhz: 1300, Current Mhz: 1300, Mhz Limit: 1300
Processor Information for processor 1
  Max Mhz: 1300, Current Mhz: 1300, Mhz Limit: 1300
Processor Information for processor 2
  Max Mhz: 1300, Current Mhz: 1300, Mhz Limit: 1300
Processor Information for processor 3
  Max Mhz: 1300, Current Mhz: 1300, Mhz Limit: 1300
Processor Information for processor 4
  Max Mhz: 1300, Current Mhz: 900, Mhz Limit: 897
Processor Information for processor 5
  Max Mhz: 1300, Current Mhz: 900, Mhz Limit: 897
Processor Information for processor 6
  Max Mhz: 1300, Current Mhz: 900, Mhz Limit: 897
Processor Information for processor 7
  Max Mhz: 1300, Current Mhz: 900, Mhz Limit: 897
Processor Information for processor 8
  Max Mhz: 1300, Current Mhz: 900, Mhz Limit: 897
Processor Information for processor 9
  Max Mhz: 1300, Current Mhz: 900, Mhz Limit: 897
Processor Information for processor 10
  Max Mhz: 1300, Current Mhz: 900, Mhz Limit: 897
Processor Information for processor 11
  Max Mhz: 1300, Current Mhz: 900, Mhz Limit: 897

Memory: 4k page, system-wide physical 7865M (1005M free)
TotalPageFile size 11961M (AvailPageFile size 86M)
current process WorkingSet (physical memory assigned to process): 461M, peak: 540M
current process commit charge ("private bytes"): 585M, peak: 603M

vm_info: Java HotSpot(TM) 64-Bit Server VM (22.0.2+9-70) for windows-amd64 JRE (22.0.2+9-70), built on 2024-06-04T16:52:23Z by "mach5one" with MS VC++ 17.6 (VS2022)

END.
